Measurements made by the University of York's LIF-SO2 instrument for flight C292	
Mean sensitivity used = 26.9 +/- 1.7 cps/mW/ppt	
Overall uncertainty (including variation in sensitivity) = 18 %	
Pressure = 400 mbar, flow rate = 2 slpm
Before using this data please contact Pete Edwards (pete.edwards@york.ac.uk)
Date_time,SO2_ppt
2022-05-07 12:19:30,164.23412386336588
2022-05-07 12:19:40,163.3915038633023
2022-05-07 12:19:50,150.99039362186429
2022-05-07 12:20:00,145.9363039848631
2022-05-07 12:20:10,266.33513096904835
2022-05-07 12:20:20,143.11557503495524
2022-05-07 12:20:30,175.15117521506986
2022-05-07 12:20:40,310.2341986931768
2022-05-07 12:20:50,242.68936296757394
2022-05-07 12:21:00,145.84662786722393
2022-05-07 12:21:10,101.4287349660054
2022-05-07 12:21:20,227.70953064074703
2022-05-07 12:21:30,200.15302683392375
2022-05-07 12:21:40,123.96521921354784
2022-05-07 12:21:50,
2022-05-07 12:22:00,
2022-05-07 12:22:10,
2022-05-07 12:22:20,
2022-05-07 12:22:30,
2022-05-07 12:22:40,
2022-05-07 12:22:50,
2022-05-07 12:23:00,
2022-05-07 12:23:10,
2022-05-07 12:23:20,194.92381815219306
2022-05-07 12:23:30,179.91083601987225
2022-05-07 12:23:40,159.2330678718058
2022-05-07 12:23:50,209.47731887307452
2022-05-07 12:24:00,215.982495570618
2022-05-07 12:24:10,121.56637053192154
2022-05-07 12:24:20,177.1711424119276
2022-05-07 12:24:30,123.45866325612424
2022-05-07 12:24:40,155.79329603122844
2022-05-07 12:24:50,199.5619632936553
2022-05-07 12:25:00,152.84765164139142
2022-05-07 12:25:10,202.0166613801817
2022-05-07 12:25:20,197.7189494029933
2022-05-07 12:25:30,157.9694066260979
2022-05-07 12:25:40,177.25585691701352
2022-05-07 12:25:50,186.1695876991827
2022-05-07 12:26:00,204.12718885250217
2022-05-07 12:26:10,165.66399523620078
2022-05-07 12:26:20,131.5941234418617
2022-05-07 12:26:30,139.49762857333286
2022-05-07 12:26:40,210.92868777904766
2022-05-07 12:26:50,106.04856037804139
2022-05-07 12:27:00,162.3983632216679
2022-05-07 12:27:10,
2022-05-07 12:27:20,
2022-05-07 12:27:30,
2022-05-07 12:27:40,
2022-05-07 12:27:50,
2022-05-07 12:28:00,140.46696635709458
2022-05-07 12:28:10,182.78278675525868
2022-05-07 12:28:20,148.75702213439422
2022-05-07 12:28:30,175.90152234461428
2022-05-07 12:28:40,237.55197121754148
2022-05-07 12:28:50,195.9656926855133
2022-05-07 12:29:00,154.45548713273536
2022-05-07 12:29:10,131.36601855087963
2022-05-07 12:29:20,171.61467176060032
2022-05-07 12:29:30,89.5915942794167
2022-05-07 12:29:40,166.79112872699858
2022-05-07 12:29:50,152.8590241016628
2022-05-07 12:30:00,205.5750364098542
2022-05-07 12:30:10,167.50845550941875
2022-05-07 12:30:20,232.73641430261938
2022-05-07 12:30:30,188.9329088471361
2022-05-07 12:30:40,94.26105790423033
2022-05-07 12:30:50,183.28852043906085
2022-05-07 12:31:00,146.3962294203136
2022-05-07 12:31:10,150.90791149570404
2022-05-07 12:31:20,139.44608255346495
2022-05-07 12:31:30,
2022-05-07 12:31:40,
2022-05-07 12:31:50,
2022-05-07 12:32:00,
2022-05-07 12:32:10,
2022-05-07 12:32:20,
2022-05-07 12:32:30,
2022-05-07 12:32:40,
2022-05-07 12:32:50,
2022-05-07 12:33:00,
2022-05-07 12:33:10,
2022-05-07 12:33:20,100.45314354845313
2022-05-07 12:33:30,157.13163169203085
2022-05-07 12:33:40,136.33691480907515
2022-05-07 12:33:50,182.3770048397825
2022-05-07 12:34:00,205.62801738962696
2022-05-07 12:34:10,146.09620989512806
2022-05-07 12:34:20,149.32364976027173
2022-05-07 12:34:30,200.7004612508556
2022-05-07 12:34:40,89.06700062039049
2022-05-07 12:34:50,150.6390548924211
2022-05-07 12:35:00,104.971760920328
2022-05-07 12:35:10,154.4244104871409
2022-05-07 12:35:20,92.29453100500072
2022-05-07 12:35:30,174.7829256616473
2022-05-07 12:35:40,143.1948291378613
2022-05-07 12:35:50,143.77648750669172
2022-05-07 12:36:00,167.0522950651643
2022-05-07 12:36:10,158.32658266855415
2022-05-07 12:36:20,143.7922499472552
2022-05-07 12:36:30,168.13395394571788
2022-05-07 12:36:40,211.54658074034515
2022-05-07 12:36:50,151.5393722121093
2022-05-07 12:37:00,189.85186414183917
2022-05-07 12:37:10,149.45688716196466
2022-05-07 12:37:20,143.13477580071725
2022-05-07 12:37:30,161.85472850966582
2022-05-07 12:37:40,170.0795627083157
2022-05-07 12:37:50,165.58466395406217
2022-05-07 12:38:00,169.54700349804182
2022-05-07 12:38:10,162.31438276529872
2022-05-07 12:38:20,150.338063976347
2022-05-07 12:38:30,206.17610238164607
2022-05-07 12:38:40,168.5015371889248
2022-05-07 12:38:50,118.18419415763574
2022-05-07 12:39:00,158.7115797889362
2022-05-07 12:39:10,129.8198590703103
2022-05-07 12:39:20,107.78988262739448
2022-05-07 12:39:30,182.46958893170492
2022-05-07 12:39:40,158.31917281262855
2022-05-07 12:39:50,104.43394246535392
2022-05-07 12:40:00,189.67414291695314
2022-05-07 12:40:10,98.07720123503424
2022-05-07 12:40:20,146.72813412095627
2022-05-07 12:40:30,201.25613059339307
2022-05-07 12:40:40,160.5904505482292
2022-05-07 12:40:50,190.25103694502621
2022-05-07 12:41:00,194.90521340248614
2022-05-07 12:41:10,
2022-05-07 12:41:20,
2022-05-07 12:41:30,
2022-05-07 12:41:40,
2022-05-07 12:41:50,
2022-05-07 12:42:00,
2022-05-07 12:42:10,
2022-05-07 12:42:20,
2022-05-07 12:42:30,
2022-05-07 12:42:40,
2022-05-07 12:42:50,256.9979338873683
2022-05-07 12:43:00,179.85025572136237
2022-05-07 12:43:10,145.62170617875117
2022-05-07 12:43:20,156.95437342282546
2022-05-07 12:43:30,160.8874589442905
2022-05-07 12:43:40,205.5490504026179
2022-05-07 12:43:50,123.13271251732924
2022-05-07 12:44:00,187.2357886395673
2022-05-07 12:44:10,146.24327926240855
2022-05-07 12:44:20,138.81983528091965
2022-05-07 12:44:30,111.94492118360299
2022-05-07 12:44:40,182.4531803717668
2022-05-07 12:44:50,154.0785105692402
2022-05-07 12:45:00,125.79102222121129
2022-05-07 12:45:10,152.06605506288494
2022-05-07 12:45:20,151.25989664655106
2022-05-07 12:45:30,109.15414570739036
2022-05-07 12:45:40,92.85408667695667
2022-05-07 12:45:50,159.41765194962392
2022-05-07 12:46:00,140.62308528383716
2022-05-07 12:46:10,189.83707183397925
2022-05-07 12:46:20,168.02239538817673
2022-05-07 12:46:30,162.26212417143438
2022-05-07 12:46:40,170.94296406390754
2022-05-07 12:46:50,119.59731896439092
2022-05-07 12:47:00,125.09505376721893
2022-05-07 12:47:10,180.87861494483084
2022-05-07 12:47:20,105.49036058098837
2022-05-07 12:47:30,145.65472422701708
2022-05-07 12:47:40,146.19360444025267
2022-05-07 12:47:50,137.22499084373655
2022-05-07 12:48:00,182.03832280342948
2022-05-07 12:48:10,137.74312478937455
2022-05-07 12:48:20,159.02490477795388
2022-05-07 12:48:30,99.50322013120733
2022-05-07 12:48:40,159.24779200409014
2022-05-07 12:48:50,113.63565463049007
2022-05-07 12:49:00,125.48957842593578
2022-05-07 12:49:10,156.96401623017763
2022-05-07 12:49:20,97.29965428763808
2022-05-07 12:49:30,111.74834944144182
2022-05-07 12:49:40,179.53299212868438
2022-05-07 12:49:50,147.54465780115729
2022-05-07 12:50:00,170.5067608456852
2022-05-07 12:50:10,168.06786400449565
2022-05-07 12:50:20,149.47006572540104
2022-05-07 12:50:30,207.2379024433589
2022-05-07 12:50:40,
2022-05-07 12:50:50,
2022-05-07 12:51:00,
2022-05-07 12:51:10,
2022-05-07 12:51:20,
2022-05-07 12:51:30,
2022-05-07 12:51:40,
2022-05-07 12:51:50,
2022-05-07 12:52:00,
2022-05-07 12:52:10,
2022-05-07 12:52:20,
2022-05-07 12:52:30,
2022-05-07 12:52:40,166.3572173696692
2022-05-07 12:52:50,137.74896986950483
2022-05-07 12:53:00,163.24444040938553
2022-05-07 12:53:10,110.27857459635143
2022-05-07 12:53:20,95.94925507937127
2022-05-07 12:53:30,187.15921124026886
2022-05-07 12:53:40,137.05709457624872
2022-05-07 12:53:50,148.3620235125335
2022-05-07 12:54:00,183.05265912016358
2022-05-07 12:54:10,162.07985787901325
2022-05-07 12:54:20,114.17331205928558
2022-05-07 12:54:30,92.74282630972274
2022-05-07 12:54:40,187.70364806154785
2022-05-07 12:54:50,139.4115463685052
2022-05-07 12:55:00,116.2921400333259
2022-05-07 12:55:10,148.8285191760907
2022-05-07 12:55:20,152.18952408019882
2022-05-07 12:55:30,197.8184335607054
2022-05-07 12:55:40,213.07317551727715
2022-05-07 12:55:50,142.8003209451989
2022-05-07 12:56:00,134.88677814164367
2022-05-07 12:56:10,163.70021505431862
2022-05-07 12:56:20,174.2329813892985
2022-05-07 12:56:30,173.7194105402353
2022-05-07 12:56:40,187.81585846535597
2022-05-07 12:56:50,164.28137900537567
2022-05-07 12:57:00,128.73276370018436
2022-05-07 12:57:10,117.20883970205415
2022-05-07 12:57:20,151.42783447253765
2022-05-07 12:57:30,168.83456264157314
2022-05-07 12:57:40,193.17037755524998
2022-05-07 12:57:50,168.5622644488946
2022-05-07 12:58:00,161.62005081953896
2022-05-07 12:58:10,167.31723738133343
2022-05-07 12:58:20,166.63330018260902
2022-05-07 12:58:30,140.31607688880197
2022-05-07 12:58:40,150.40074860739898
2022-05-07 12:58:50,
2022-05-07 12:59:00,
2022-05-07 12:59:10,
2022-05-07 12:59:20,
2022-05-07 12:59:30,
2022-05-07 12:59:40,
2022-05-07 12:59:50,
2022-05-07 13:00:00,
2022-05-07 13:00:10,
2022-05-07 13:00:20,
2022-05-07 13:00:30,
2022-05-07 13:00:40,
2022-05-07 13:00:50,
2022-05-07 13:01:00,
2022-05-07 13:01:10,
2022-05-07 13:01:20,
2022-05-07 13:01:30,
2022-05-07 13:01:40,
2022-05-07 13:01:50,
2022-05-07 13:02:00,
2022-05-07 13:02:10,
2022-05-07 13:02:20,
2022-05-07 13:02:30,
2022-05-07 13:02:40,222.10223846897821
2022-05-07 13:02:50,270.52826328104834
2022-05-07 13:03:00,161.17432155393442
2022-05-07 13:03:10,136.35098939708172
2022-05-07 13:03:20,123.8908089862138
2022-05-07 13:03:30,190.8414794574106
2022-05-07 13:03:40,
2022-05-07 13:03:50,
2022-05-07 13:04:00,
2022-05-07 13:04:10,
2022-05-07 13:04:20,
2022-05-07 13:04:30,
2022-05-07 13:04:40,
2022-05-07 13:04:50,
2022-05-07 13:05:00,
2022-05-07 13:05:10,
2022-05-07 13:05:20,
2022-05-07 13:05:30,187.88168087296947
2022-05-07 13:05:40,118.26857893724127
2022-05-07 13:05:50,205.06078425849904
2022-05-07 13:06:00,130.5616695061143
2022-05-07 13:06:10,188.89862813849282
2022-05-07 13:06:20,145.82850054123216
2022-05-07 13:06:30,142.36092211370024
2022-05-07 13:06:40,192.9105513128166
2022-05-07 13:06:50,178.40981272501944
2022-05-07 13:07:00,181.05366395707625
2022-05-07 13:07:10,114.95416959184143
2022-05-07 13:07:20,178.02044825462247
2022-05-07 13:07:30,154.49196747439143
2022-05-07 13:07:40,187.39171059150746
2022-05-07 13:07:50,125.44884910547609
2022-05-07 13:08:00,102.61438750593332
2022-05-07 13:08:10,108.50006900860451
2022-05-07 13:08:20,135.01464650047822
2022-05-07 13:08:30,124.72315717005301
2022-05-07 13:08:40,152.87276050673358
2022-05-07 13:08:50,115.99424832803884
2022-05-07 13:09:00,106.29976125360201
2022-05-07 13:09:10,120.66404763085983
2022-05-07 13:09:20,134.68785261566813
2022-05-07 13:09:30,191.799119531244
2022-05-07 13:09:40,168.59422336541527
2022-05-07 13:09:50,157.07634677654463
2022-05-07 13:10:00,203.63205710045898
2022-05-07 13:10:10,129.71020908064415
2022-05-07 13:10:20,132.00554543140478
2022-05-07 13:10:30,160.56760237417427
2022-05-07 13:10:40,164.80485093627712
2022-05-07 13:10:50,124.80632791589753
2022-05-07 13:11:00,167.48133697391754
2022-05-07 13:11:10,101.70021393952943
2022-05-07 13:11:20,134.5075206591358
2022-05-07 13:11:30,106.05552891162156
2022-05-07 13:11:40,140.4460309853248
2022-05-07 13:11:50,235.7053724247863
2022-05-07 13:12:00,113.56768718011337
2022-05-07 13:12:10,110.27119961756303
2022-05-07 13:12:20,119.12217481402014
2022-05-07 13:12:30,106.55216115772953
2022-05-07 13:12:40,95.73854487556584
2022-05-07 13:12:50,140.44621321497567
2022-05-07 13:13:00,132.94153989200112
2022-05-07 13:13:10,121.30267253211288
2022-05-07 13:13:20,122.54446075644853
2022-05-07 13:13:30,99.62704303564038
2022-05-07 13:13:40,123.55133482617136
2022-05-07 13:13:50,147.9816363266396
2022-05-07 13:14:00,167.54676561261374
2022-05-07 13:14:10,92.72218596074448
2022-05-07 13:14:20,80.4657715178576
2022-05-07 13:14:30,126.9823725584321
2022-05-07 13:14:40,121.86083618616472
2022-05-07 13:14:50,135.37832208176343
2022-05-07 13:15:00,115.79126028359447
2022-05-07 13:15:10,138.4115641211948
2022-05-07 13:15:20,115.66409635710937
2022-05-07 13:15:30,145.48933286695836
2022-05-07 13:15:40,151.7779237180378
2022-05-07 13:15:50,207.18926016126937
2022-05-07 13:16:00,130.62656622269938
2022-05-07 13:16:10,221.56079988683751
2022-05-07 13:16:20,163.90065693358795
2022-05-07 13:16:30,142.4763979292569
2022-05-07 13:16:40,84.33232843994912
2022-05-07 13:16:50,169.95845408033992
2022-05-07 13:17:00,125.44527031342113
2022-05-07 13:17:10,135.52837415652562
2022-05-07 13:17:20,159.7735355041706
2022-05-07 13:17:30,164.70496493766893
2022-05-07 13:17:40,136.1033055887128
2022-05-07 13:17:50,195.06561974826124
2022-05-07 13:18:00,197.06134785645006
2022-05-07 13:18:10,118.81874498880758
2022-05-07 13:18:20,111.05941388181981
2022-05-07 13:18:30,83.21985368034109
2022-05-07 13:18:40,167.82545627974278
2022-05-07 13:18:50,148.42392263654423
2022-05-07 13:19:00,161.15018150675598
2022-05-07 13:19:10,203.34690480353976
2022-05-07 13:19:20,179.14017831429967
2022-05-07 13:19:30,212.39858281645246
2022-05-07 13:19:40,173.98478665748706
2022-05-07 13:19:50,188.26454006064466
2022-05-07 13:20:00,201.10127076253153
2022-05-07 13:20:10,195.7614054649508
2022-05-07 13:20:20,166.96970870350754
2022-05-07 13:20:30,173.42999384141902
2022-05-07 13:20:40,180.44222238328894
2022-05-07 13:20:50,243.93786991480337
2022-05-07 13:21:00,241.5059140891541
2022-05-07 13:21:10,164.11627316706264
2022-05-07 13:21:20,212.7487718674437
2022-05-07 13:21:30,178.98051286649894
2022-05-07 13:21:40,187.09957242447135
2022-05-07 13:21:50,221.079832895982
2022-05-07 13:22:00,139.38343811882672
2022-05-07 13:22:10,209.36389762827457
2022-05-07 13:22:20,250.72750546534803
2022-05-07 13:22:30,189.4554503943887
2022-05-07 13:22:40,199.44423881122316
2022-05-07 13:22:50,122.85875087045031
2022-05-07 13:23:00,183.37238374644122
2022-05-07 13:23:10,175.63121491059673
2022-05-07 13:23:20,188.19035709923438
2022-05-07 13:23:30,187.44842459738496
2022-05-07 13:23:40,172.06506902183187
2022-05-07 13:23:50,160.11630020522327
2022-05-07 13:24:00,230.6637640703024
2022-05-07 13:24:10,195.25144439750187
2022-05-07 13:24:20,139.52695276083298
2022-05-07 13:24:30,180.01182497653258
2022-05-07 13:24:40,213.8326933386648
2022-05-07 13:24:50,139.7743635646454
2022-05-07 13:25:00,188.58699327266626
2022-05-07 13:25:10,154.31560588998806
2022-05-07 13:25:20,195.81092404804124
2022-05-07 13:25:30,225.6170332878031
2022-05-07 13:25:40,159.46503011437437
2022-05-07 13:25:50,187.7727346010474
2022-05-07 13:26:00,194.13718393702194
2022-05-07 13:26:10,150.22580598525673
2022-05-07 13:26:20,193.02685665512772
2022-05-07 13:26:30,222.07375966688522
2022-05-07 13:26:40,171.26356966643726
2022-05-07 13:26:50,162.13012915917068
2022-05-07 13:27:00,193.305863758921
2022-05-07 13:27:10,238.70461906141628
2022-05-07 13:27:20,191.22557321666912
2022-05-07 13:27:30,146.11021757470866
2022-05-07 13:27:40,199.70494743975567
2022-05-07 13:27:50,162.3554150223226
2022-05-07 13:28:00,204.80722384154467
2022-05-07 13:28:10,178.65271829395144
2022-05-07 13:28:20,196.4870267666248
2022-05-07 13:28:30,159.77734733539899
2022-05-07 13:28:40,206.11612950519918
2022-05-07 13:28:50,173.11766267258884
2022-05-07 13:29:00,184.05397999409269
2022-05-07 13:29:10,227.09090781808598
2022-05-07 13:29:20,175.2517919483766
2022-05-07 13:29:30,207.75767086722345
2022-05-07 13:29:40,199.44910056123865
2022-05-07 13:29:50,202.31617606861298
2022-05-07 13:30:00,154.14424366471914
2022-05-07 13:30:10,190.8799201321878
2022-05-07 13:30:20,204.42742544012296
2022-05-07 13:30:30,144.6648002199741
2022-05-07 13:30:40,144.28273942165043
2022-05-07 13:30:50,222.97692261312187
2022-05-07 13:31:00,178.31395839793086
2022-05-07 13:31:10,163.5997655995265
2022-05-07 13:31:20,197.03542517033839
2022-05-07 13:31:30,155.9316144567518
2022-05-07 13:31:40,197.48665088197976
2022-05-07 13:31:50,186.97759742406708
2022-05-07 13:32:00,225.78455165615003
2022-05-07 13:32:10,129.30649960564975
2022-05-07 13:32:20,141.784157178273
2022-05-07 13:32:30,204.21870478436279
2022-05-07 13:32:40,
2022-05-07 13:32:50,
2022-05-07 13:33:00,
2022-05-07 13:33:10,
2022-05-07 13:33:20,
2022-05-07 13:33:30,
2022-05-07 13:33:40,
2022-05-07 13:33:50,
2022-05-07 13:34:00,
2022-05-07 13:34:10,
2022-05-07 13:34:20,
2022-05-07 13:34:30,
2022-05-07 13:34:40,180.23748297525242
2022-05-07 13:34:50,244.60972092644215
2022-05-07 13:35:00,
2022-05-07 13:35:10,230.10948800480975
2022-05-07 13:35:20,165.3602503487138
2022-05-07 13:35:30,147.08905477489836
2022-05-07 13:35:40,199.25868570252055
2022-05-07 13:35:50,165.42353739945088
2022-05-07 13:36:00,203.88473480299922
2022-05-07 13:36:10,213.20988541971244
2022-05-07 13:36:20,188.16064639292682
2022-05-07 13:36:30,184.29372759942223
2022-05-07 13:36:40,166.55326694335756
2022-05-07 13:36:50,142.5233757039948
2022-05-07 13:37:00,191.88280259279523
2022-05-07 13:37:10,210.55260414762503
2022-05-07 13:37:20,153.2038097067306
2022-05-07 13:37:30,163.23754469605637
2022-05-07 13:37:40,129.8294787065604
2022-05-07 13:37:50,163.7595712279771
2022-05-07 13:38:00,116.4810495132346
2022-05-07 13:38:10,125.45536121005318
2022-05-07 13:38:20,149.08315665574088
2022-05-07 13:38:30,133.46721321049054
2022-05-07 13:38:40,159.77995037440655
2022-05-07 13:38:50,157.52770223471254
2022-05-07 13:39:00,135.96971436873605
2022-05-07 13:39:10,93.01542617909581
2022-05-07 13:39:20,120.53284197441295
2022-05-07 13:39:30,145.99663727966382
2022-05-07 13:39:40,125.62629173224087
2022-05-07 13:39:50,97.37866151376643
2022-05-07 13:40:00,129.27752245790398
2022-05-07 13:40:10,117.5242450503982
2022-05-07 13:40:20,128.5512798507962
2022-05-07 13:40:30,126.67079267911093
2022-05-07 13:40:40,99.47389632505842
2022-05-07 13:40:50,153.9884747084542
2022-05-07 13:41:00,106.1680112578454
2022-05-07 13:41:10,114.72133803801913
2022-05-07 13:41:20,126.70554044922295
2022-05-07 13:41:30,91.83299737500045
2022-05-07 13:41:40,141.72917042895358
2022-05-07 13:41:50,98.9144641996073
2022-05-07 13:42:00,123.30135587005994
2022-05-07 13:42:10,156.02943535027512
2022-05-07 13:42:20,121.01244180941322
2022-05-07 13:42:30,95.55501146715511
2022-05-07 13:42:40,128.2205549570443
2022-05-07 13:42:50,130.75070675801106
2022-05-07 13:43:00,101.67930221781579
2022-05-07 13:43:10,124.96106799644808
2022-05-07 13:43:20,138.56232391802007
2022-05-07 13:43:30,141.03154833094564
2022-05-07 13:43:40,138.5561093725811
2022-05-07 13:43:50,152.07846945576782
2022-05-07 13:44:00,78.0845076823926
2022-05-07 13:44:10,86.21901363847992
2022-05-07 13:44:20,135.50074521545977
2022-05-07 13:44:30,96.57112488833712
2022-05-07 13:44:40,117.35565940863432
2022-05-07 13:44:50,119.3979178471038
2022-05-07 13:45:00,79.47764560650285
2022-05-07 13:45:10,127.15653889885752
2022-05-07 13:45:20,161.54173263708736
2022-05-07 13:45:30,91.92237619989977
2022-05-07 13:45:40,132.31896388611213
2022-05-07 13:45:50,132.62204319880763
2022-05-07 13:46:00,157.80033637994313
2022-05-07 13:46:10,151.97569003151827
2022-05-07 13:46:20,130.6627793171393
2022-05-07 13:46:30,139.952378576458
2022-05-07 13:46:40,103.29229384156777
2022-05-07 13:46:50,113.93149722269754
2022-05-07 13:47:00,83.01799547740033
2022-05-07 13:47:10,77.83010512418599
2022-05-07 13:47:20,
2022-05-07 13:47:30,
2022-05-07 13:47:40,
2022-05-07 13:47:50,
2022-05-07 13:48:00,
2022-05-07 13:48:10,
2022-05-07 13:48:20,
2022-05-07 13:48:30,
2022-05-07 13:48:40,
2022-05-07 13:48:50,
2022-05-07 13:49:00,
2022-05-07 13:49:10,122.14514491565473
2022-05-07 13:49:20,117.93148414664692
2022-05-07 13:49:30,112.6165662345925
2022-05-07 13:49:40,85.0835889707058
2022-05-07 13:49:50,131.57494326454625
2022-05-07 13:50:00,122.00170138639008
2022-05-07 13:50:10,88.51683851977907
2022-05-07 13:50:20,100.36786353259772
2022-05-07 13:50:30,128.3411730817844
2022-05-07 13:50:40,119.02193927723785
2022-05-07 13:50:50,149.5514168390522
2022-05-07 13:51:00,97.56129718284843
2022-05-07 13:51:10,43.51924838877004
2022-05-07 13:51:20,126.78353854949385
2022-05-07 13:51:30,62.64329520554608
2022-05-07 13:51:40,117.0672885789541
2022-05-07 13:51:50,109.41874882297849
2022-05-07 13:52:00,127.38606044106902
2022-05-07 13:52:10,85.837348284082
2022-05-07 13:52:20,106.22187912357111
2022-05-07 13:52:30,115.78032014039002
2022-05-07 13:52:40,76.97895002840765
2022-05-07 13:52:50,91.31046626261646
2022-05-07 13:53:00,32.24151407852482
2022-05-07 13:53:10,90.33607174334422
2022-05-07 13:53:20,92.516018009559
2022-05-07 13:53:30,121.88217795154672
2022-05-07 13:53:40,149.3335324747167
2022-05-07 13:53:50,110.2742996588597
2022-05-07 13:54:00,92.78700961812916
2022-05-07 13:54:10,113.2077732167731
2022-05-07 13:54:20,108.50785408456042
2022-05-07 13:54:30,132.25043779464272
2022-05-07 13:54:40,71.52411655828
2022-05-07 13:54:50,133.75686378584257
2022-05-07 13:55:00,91.25613627443973
2022-05-07 13:55:10,86.25707275811438
2022-05-07 13:55:20,100.72013286255097
2022-05-07 13:55:30,84.08029659779258
2022-05-07 13:55:40,143.73773118275724
2022-05-07 13:55:50,85.3238967250274
2022-05-07 13:56:00,113.19529506713836
2022-05-07 13:56:10,85.47227197969791
2022-05-07 13:56:20,77.3669121484986
2022-05-07 13:56:30,110.21018998695176
2022-05-07 13:56:40,92.31768647096233
2022-05-07 13:56:50,43.56176010597292
2022-05-07 13:57:00,122.27409443230037
2022-05-07 13:57:10,151.81070849322936
2022-05-07 13:57:20,79.78507376624691
2022-05-07 13:57:30,86.24729234693721
2022-05-07 13:57:40,60.99174797918485
2022-05-07 13:57:50,92.45679635257937
2022-05-07 13:58:00,43.10664578083177
2022-05-07 13:58:10,140.88628345012802
2022-05-07 13:58:20,48.36931492348137
2022-05-07 13:58:30,70.7199904305235
2022-05-07 13:58:40,63.07370642894534
2022-05-07 13:58:50,37.24618449723349
2022-05-07 13:59:00,72.32020606274361
2022-05-07 13:59:10,110.458851390534
2022-05-07 13:59:20,66.93291908423252
2022-05-07 13:59:30,115.3593792354071
2022-05-07 13:59:40,68.49885164808677
2022-05-07 13:59:50,76.15201703200782
2022-05-07 14:00:00,71.28964755143939
2022-05-07 14:00:10,91.71469368909258
2022-05-07 14:00:20,78.1636440290911
2022-05-07 14:00:30,101.9953287989118
2022-05-07 14:00:40,95.80458756260528
2022-05-07 14:00:50,66.53671292740677
2022-05-07 14:01:00,75.32800208694515
2022-05-07 14:01:10,102.0177646577208
2022-05-07 14:01:20,60.725994347776584
2022-05-07 14:01:30,111.27718801659562
2022-05-07 14:01:40,104.64459044959177
2022-05-07 14:01:50,82.8076587841726
2022-05-07 14:02:00,58.40185778726657
2022-05-07 14:02:10,65.37438282090841
2022-05-07 14:02:20,101.93940360483352
2022-05-07 14:02:30,97.51543170806254
2022-05-07 14:02:40,74.00679528576431
2022-05-07 14:02:50,124.13594972375448
2022-05-07 14:03:00,87.35357672790282
2022-05-07 14:03:10,94.36612716229625
2022-05-07 14:03:20,71.65295191130109
2022-05-07 14:03:30,89.97802229755507
2022-05-07 14:03:40,81.77299692093045
2022-05-07 14:03:50,52.68393531650953
2022-05-07 14:04:00,66.53970037873347
2022-05-07 14:04:10,68.47832939584299
2022-05-07 14:04:20,42.53167360328586
2022-05-07 14:04:30,91.828660172481
2022-05-07 14:04:40,122.00464107348833
2022-05-07 14:04:50,92.8343809792685
2022-05-07 14:05:00,106.39675978063356
2022-05-07 14:05:10,128.02778060581304
2022-05-07 14:05:20,45.50128792548367
2022-05-07 14:05:30,76.02251161667428
2022-05-07 14:05:40,127.56514272883045
2022-05-07 14:05:50,49.554023784899215
2022-05-07 14:06:00,105.5759719259993
2022-05-07 14:06:10,132.28906791302217
2022-05-07 14:06:20,37.1242189115548
2022-05-07 14:06:30,125.70789402603097
2022-05-07 14:06:40,107.6053646642496
2022-05-07 14:06:50,61.15692477094057
2022-05-07 14:07:00,88.87021179436552
2022-05-07 14:07:10,136.6204645214159
2022-05-07 14:07:20,87.97477881354573
2022-05-07 14:07:30,133.1124188721689
2022-05-07 14:07:40,136.6499175542207
2022-05-07 14:07:50,98.70573313611507
2022-05-07 14:08:00,158.62865345764186
2022-05-07 14:08:10,51.609460540981736
2022-05-07 14:08:20,105.24700827038949
2022-05-07 14:08:30,127.4633468093192
2022-05-07 14:08:40,110.43178029391149
2022-05-07 14:08:50,102.16033617308584
2022-05-07 14:09:00,43.491049519821516
2022-05-07 14:09:10,87.97322217976958
2022-05-07 14:09:20,143.53083682191436
2022-05-07 14:09:30,100.4939460263209
2022-05-07 14:09:40,122.46343979946009
2022-05-07 14:09:50,110.03899216250879
2022-05-07 14:10:00,75.3428205881097
2022-05-07 14:10:10,95.3725080851181
2022-05-07 14:10:20,95.01234023507165
2022-05-07 14:10:30,96.52455313919857
2022-05-07 14:10:40,114.28835391157503
2022-05-07 14:10:50,39.673048053972394
2022-05-07 14:11:00,120.95042461903091
2022-05-07 14:11:10,115.56551419706732
2022-05-07 14:11:20,102.88323531647914
2022-05-07 14:11:30,55.715582208812805
2022-05-07 14:11:40,96.57111991079294
2022-05-07 14:11:50,100.04334761688865
2022-05-07 14:12:00,57.92508145955879
2022-05-07 14:12:10,77.67922712648269
2022-05-07 14:12:20,166.3669896421647
2022-05-07 14:12:30,
2022-05-07 14:12:40,
2022-05-07 14:12:50,
2022-05-07 14:13:00,
2022-05-07 14:13:10,
2022-05-07 14:13:20,
2022-05-07 14:13:30,
2022-05-07 14:13:40,
2022-05-07 14:13:50,
2022-05-07 14:14:00,
2022-05-07 14:14:10,
2022-05-07 14:14:20,
2022-05-07 14:14:30,116.84129659821559
2022-05-07 14:14:40,81.7754484689288
2022-05-07 14:14:50,80.78430766361572
2022-05-07 14:15:00,88.86403549117637
2022-05-07 14:15:10,73.54778833202316
2022-05-07 14:15:20,138.20102727260866
2022-05-07 14:15:30,142.86542326824858
2022-05-07 14:15:40,100.69243800660414
2022-05-07 14:15:50,151.02434438880863
2022-05-07 14:16:00,111.57599327764216
2022-05-07 14:16:10,176.6021633517216
2022-05-07 14:16:20,182.42282775738948
2022-05-07 14:16:30,126.96365988060543
2022-05-07 14:16:40,132.8534545507497
2022-05-07 14:16:50,134.88620129548326
2022-05-07 14:17:00,76.50436339008202
2022-05-07 14:17:10,147.67020328854846
2022-05-07 14:17:20,94.75836138335315
2022-05-07 14:17:30,145.0782539964586
2022-05-07 14:17:40,55.88009515574136
2022-05-07 14:17:50,122.31576478687877
2022-05-07 14:18:00,151.4544154031243
2022-05-07 14:18:10,156.09669828312343
2022-05-07 14:18:20,114.12034654275844
2022-05-07 14:18:30,58.08545083012791
2022-05-07 14:18:40,50.2212958064329
2022-05-07 14:18:50,118.22224981980831
2022-05-07 14:19:00,107.55738175396473
2022-05-07 14:19:10,101.40899476326466
2022-05-07 14:19:20,77.47522057344875
2022-05-07 14:19:30,139.59699640695123
2022-05-07 14:19:40,71.15271953320308
2022-05-07 14:19:50,129.56115743407764
2022-05-07 14:20:00,108.9673103235985
2022-05-07 14:20:10,130.5371511397538
2022-05-07 14:20:20,129.41777682025355
2022-05-07 14:20:30,149.84620353954574
2022-05-07 14:20:40,130.94133302416097
2022-05-07 14:20:50,157.94880529191659
2022-05-07 14:21:00,138.92513641892234
2022-05-07 14:21:10,103.41843648152837
2022-05-07 14:21:20,93.93836990030638
2022-05-07 14:21:30,122.20230030991083
2022-05-07 14:21:40,91.6007875719972
2022-05-07 14:21:50,128.37811869863063
2022-05-07 14:22:00,129.71580767130027
2022-05-07 14:22:10,107.24267269349481
2022-05-07 14:22:20,87.80171794990537
2022-05-07 14:22:30,115.97746889455806
2022-05-07 14:22:40,100.03285509848138
2022-05-07 14:22:50,118.95835146890585
2022-05-07 14:23:00,82.39715688523839
2022-05-07 14:23:10,135.233635807612
2022-05-07 14:23:20,121.75168035509337
2022-05-07 14:23:30,128.4523943431344
2022-05-07 14:23:40,44.7680190248073
2022-05-07 14:23:50,101.24308604986396
2022-05-07 14:24:00,73.7045213116997
2022-05-07 14:24:10,152.95847803504932
2022-05-07 14:24:20,106.32256105938646
2022-05-07 14:24:30,133.46279107583356
2022-05-07 14:24:40,141.99674393398965
2022-05-07 14:24:50,87.83755830527896
2022-05-07 14:25:00,148.03410064157907
2022-05-07 14:25:10,170.4448493570314
2022-05-07 14:25:20,
2022-05-07 14:25:30,
2022-05-07 14:25:40,
2022-05-07 14:25:50,
2022-05-07 14:26:00,
2022-05-07 14:26:10,
2022-05-07 14:26:20,
2022-05-07 14:26:30,
2022-05-07 14:26:40,
2022-05-07 14:26:50,
2022-05-07 14:27:00,
2022-05-07 14:27:10,141.65925998384492
2022-05-07 14:27:20,175.97386089424947
2022-05-07 14:27:30,116.62339171694438
2022-05-07 14:27:40,155.64889253023736
2022-05-07 14:27:50,97.31805813699253
2022-05-07 14:28:00,138.20645801511708
2022-05-07 14:28:10,98.80760176141258
2022-05-07 14:28:20,130.32101543432054
2022-05-07 14:28:30,161.83648634240913
2022-05-07 14:28:40,139.51997887524857
2022-05-07 14:28:50,128.59471202123575
2022-05-07 14:29:00,147.2776081038404
2022-05-07 14:29:10,122.04926903934769
2022-05-07 14:29:20,183.3216651520357
2022-05-07 14:29:30,95.88895735561428
2022-05-07 14:29:40,121.02544652311052
2022-05-07 14:29:50,60.3534269744993
2022-05-07 14:30:00,128.9352167611666
2022-05-07 14:30:10,122.25718446011199
2022-05-07 14:30:20,85.81083854853019
2022-05-07 14:30:30,131.95669053132062
2022-05-07 14:30:40,163.22122448299163
2022-05-07 14:30:50,116.3954316943808
2022-05-07 14:31:00,90.81553049079618
2022-05-07 14:31:10,109.92290720567112
2022-05-07 14:31:20,153.6676118812784
2022-05-07 14:31:30,102.77013005195035
2022-05-07 14:31:40,133.20214394900688
2022-05-07 14:31:50,137.59644282146343
2022-05-07 14:32:00,110.4905721036721
2022-05-07 14:32:10,141.70994212099177
2022-05-07 14:32:20,92.36495376350058
2022-05-07 14:32:30,120.98246912114631
2022-05-07 14:32:40,96.49001299987373
2022-05-07 14:32:50,79.26816823389254
2022-05-07 14:33:00,132.24064848629058
2022-05-07 14:33:10,136.68591477961533
2022-05-07 14:33:20,73.78418398129223
2022-05-07 14:33:30,140.1199953208712
2022-05-07 14:33:40,123.78942503545886
2022-05-07 14:33:50,134.9809233185211
2022-05-07 14:34:00,94.09820530466511
2022-05-07 14:34:10,134.35305569609451
2022-05-07 14:34:20,140.27834278195675
2022-05-07 14:34:30,112.47244332048713
2022-05-07 14:34:40,71.529364969749
2022-05-07 14:34:50,76.18105965636094
2022-05-07 14:35:00,125.2115956951076
2022-05-07 14:35:10,97.68253223875709
2022-05-07 14:35:20,64.02516889012306
2022-05-07 14:35:30,129.73711214333272
2022-05-07 14:35:40,118.75595377254882
2022-05-07 14:35:50,112.99390424865506
2022-05-07 14:36:00,114.87311693770457
2022-05-07 14:36:10,71.15376012468629
2022-05-07 14:36:20,118.352836925748
2022-05-07 14:36:30,113.06921408174249
2022-05-07 14:36:40,199.03534704810866
2022-05-07 14:36:50,119.05279262061076
2022-05-07 14:37:00,147.09391323361433
2022-05-07 14:37:10,202.65621721055464
2022-05-07 14:37:20,161.39237369361317
2022-05-07 14:37:30,184.40032389984532
2022-05-07 14:37:40,150.04883589292768
2022-05-07 14:37:50,125.4368978024105
2022-05-07 14:38:00,142.46570709339292
2022-05-07 14:38:10,177.09098440578975
2022-05-07 14:38:20,209.25378079578485
2022-05-07 14:38:30,165.61505164072042
2022-05-07 14:38:40,187.43250013530206
2022-05-07 14:38:50,136.80040569370573
2022-05-07 14:39:00,117.25811315995878
2022-05-07 14:39:10,122.84616475165447
2022-05-07 14:39:20,190.0883796857332
2022-05-07 14:39:30,190.55671205527943
2022-05-07 14:39:40,178.6254974022187
2022-05-07 14:39:50,189.41572650012841
2022-05-07 14:40:00,197.56191294992095
2022-05-07 14:40:10,102.56034359379846
2022-05-07 14:40:20,180.09892471541443
2022-05-07 14:40:30,182.04170219363573
2022-05-07 14:40:40,180.1274769301446
2022-05-07 14:40:50,172.45699765302183
2022-05-07 14:41:00,166.66869004664954
2022-05-07 14:41:10,136.53492153369274
2022-05-07 14:41:20,168.77903964773836
2022-05-07 14:41:30,124.45908515115516
2022-05-07 14:41:40,129.0778497145244
2022-05-07 14:41:50,132.81494968611568
2022-05-07 14:42:00,151.27335323120874
2022-05-07 14:42:10,153.17204662455
2022-05-07 14:42:20,137.7512095191737
2022-05-07 14:42:30,101.77790865675146
2022-05-07 14:42:40,143.36009250632256
2022-05-07 14:42:50,137.93353598868265
2022-05-07 14:43:00,149.25592344507209
2022-05-07 14:43:10,150.93090933710064
2022-05-07 14:43:20,153.18577630831118
2022-05-07 14:43:30,128.04384296483138
2022-05-07 14:43:40,176.39106649919228
2022-05-07 14:43:50,153.9961487624698
2022-05-07 14:44:00,175.57102625835532
2022-05-07 14:44:10,138.72707296889303
2022-05-07 14:44:20,177.9483368020314
2022-05-07 14:44:30,114.4815607654737
2022-05-07 14:44:40,110.41768044595524
2022-05-07 14:44:50,115.39529532180242
2022-05-07 14:45:00,109.18400655691613
2022-05-07 14:45:10,87.30242078291529
2022-05-07 14:45:20,140.42713856096597
2022-05-07 14:45:30,145.4042961433432
2022-05-07 14:45:40,154.7206740340361
2022-05-07 14:45:50,121.42542834800125
2022-05-07 14:46:00,71.52191682936562
2022-05-07 14:46:10,131.50516131149715
2022-05-07 14:46:20,131.90388945289078
2022-05-07 14:46:30,77.06861582798554
2022-05-07 14:46:40,121.46429763922968
2022-05-07 14:46:50,86.6845378779524
2022-05-07 14:47:00,169.9898382984498
2022-05-07 14:47:10,72.79542501845194
2022-05-07 14:47:20,149.7569338637936
2022-05-07 14:47:30,92.39152966158062
2022-05-07 14:47:40,158.1548423585386
2022-05-07 14:47:50,167.18242708957493
2022-05-07 14:48:00,167.85340231813063
2022-05-07 14:48:10,148.84697590022736
2022-05-07 14:48:20,154.39388206606418
2022-05-07 14:48:30,161.21437770702028
2022-05-07 14:48:40,175.0233082430068
2022-05-07 14:48:50,162.6234662198056
2022-05-07 14:49:00,205.92097014724158
2022-05-07 14:49:10,133.6477123464918
2022-05-07 14:49:20,161.02470968100724
2022-05-07 14:49:30,153.52660251809127
2022-05-07 14:49:40,141.3477004850461
2022-05-07 14:49:50,155.3634341262581
2022-05-07 14:50:00,119.27947083077346
2022-05-07 14:50:10,165.2673624325423
2022-05-07 14:50:20,189.06343698213092
2022-05-07 14:50:30,161.79888799258453
2022-05-07 14:50:40,137.00240414754555
2022-05-07 14:50:50,155.35905496007155
2022-05-07 14:51:00,153.28356518884186
2022-05-07 14:51:10,180.8326043178017
2022-05-07 14:51:20,186.30586045951372
2022-05-07 14:51:30,140.87491603311275
2022-05-07 14:51:40,173.11585340772734
2022-05-07 14:51:50,198.8568791722051
2022-05-07 14:52:00,185.04323506829994
2022-05-07 14:52:10,217.95853917056667
2022-05-07 14:52:20,211.54950656889014
2022-05-07 14:52:30,169.13785329672032
2022-05-07 14:52:40,176.51678226801653
2022-05-07 14:52:50,107.58188705023893
2022-05-07 14:53:00,130.91570167429745
2022-05-07 14:53:10,94.36528497065288
2022-05-07 14:53:20,175.18539882663728
2022-05-07 14:53:30,194.45971818125435
2022-05-07 14:53:40,127.37376733928076
2022-05-07 14:53:50,187.70697920394548
2022-05-07 14:54:00,165.6636655116394
2022-05-07 14:54:10,204.43247366666014
2022-05-07 14:54:20,116.66348214938257
2022-05-07 14:54:30,
2022-05-07 14:54:40,
2022-05-07 14:54:50,
2022-05-07 14:55:00,
2022-05-07 14:55:10,
2022-05-07 14:55:20,
2022-05-07 14:55:30,
2022-05-07 14:55:40,
2022-05-07 14:55:50,
2022-05-07 14:56:00,
2022-05-07 14:56:10,
2022-05-07 14:56:20,
2022-05-07 14:56:30,202.8258987603873
2022-05-07 14:56:40,179.58242082080548
2022-05-07 14:56:50,162.66833696920315
2022-05-07 14:57:00,154.61023987089047
2022-05-07 14:57:10,101.75577708673265
2022-05-07 14:57:20,167.43895581075543
2022-05-07 14:57:30,160.20027491374373
2022-05-07 14:57:40,127.07840849858717
2022-05-07 14:57:50,167.40916955709977
2022-05-07 14:58:00,100.46458602589739
2022-05-07 14:58:10,126.13416580085574
2022-05-07 14:58:20,151.2845915829116
2022-05-07 14:58:30,149.78085854407357
2022-05-07 14:58:40,130.98265016648438
2022-05-07 14:58:50,46.78147723472304
2022-05-07 14:59:00,110.82047155439787
2022-05-07 14:59:10,113.51959349304174
2022-05-07 14:59:20,113.68565301641014
2022-05-07 14:59:30,111.72973201263203
2022-05-07 14:59:40,132.524011588616
2022-05-07 14:59:50,92.1924250457994
2022-05-07 15:00:00,131.74872453300438
2022-05-07 15:00:10,140.71781323192357
2022-05-07 15:00:20,83.91599896832518
2022-05-07 15:00:30,180.22815854849034
2022-05-07 15:00:40,126.98057072231822
2022-05-07 15:00:50,129.76046443793967
2022-05-07 15:01:00,80.31170200812292
2022-05-07 15:01:10,162.1745210417722
2022-05-07 15:01:20,158.35105147510495
2022-05-07 15:01:30,156.08992711055075
2022-05-07 15:01:40,132.42507993193826
2022-05-07 15:01:50,69.2599535368349
2022-05-07 15:02:00,81.67022525658294
2022-05-07 15:02:10,34.40597069790551
2022-05-07 15:02:20,141.7625826572058
2022-05-07 15:02:30,129.90572397383943
2022-05-07 15:02:40,42.82807973044061
2022-05-07 15:02:50,103.22535535752723
2022-05-07 15:03:00,97.15091624123671
2022-05-07 15:03:10,118.44439914532242
2022-05-07 15:03:20,130.10226068072836
2022-05-07 15:03:30,125.313331255115
2022-05-07 15:03:40,131.17504167320925
2022-05-07 15:03:50,94.2823638612009
2022-05-07 15:04:00,102.83401225549215
2022-05-07 15:04:10,82.59569937510909
2022-05-07 15:04:20,79.41227150423836
2022-05-07 15:04:30,
2022-05-07 15:04:40,
2022-05-07 15:04:50,
2022-05-07 15:05:00,
2022-05-07 15:05:10,89.05259085078936
2022-05-07 15:05:20,67.45295579082999
2022-05-07 15:05:30,112.63720362646605
2022-05-07 15:05:40,101.6568720015275
2022-05-07 15:05:50,126.58318049456399
2022-05-07 15:06:00,89.31405002737621
2022-05-07 15:06:10,92.54924758602732
2022-05-07 15:06:20,96.92652560313881
2022-05-07 15:06:30,86.71900325026803
2022-05-07 15:06:40,
2022-05-07 15:06:50,
2022-05-07 15:07:00,
2022-05-07 15:07:10,
2022-05-07 15:07:20,
2022-05-07 15:07:30,
2022-05-07 15:07:40,
2022-05-07 15:07:50,
2022-05-07 15:08:00,
2022-05-07 15:08:10,
2022-05-07 15:08:20,
2022-05-07 15:08:30,
2022-05-07 15:08:40,90.21364352630593
2022-05-07 15:08:50,40.95369754404485
2022-05-07 15:09:00,73.79157129803794
2022-05-07 15:09:10,78.75551734799815
2022-05-07 15:09:20,
2022-05-07 15:09:30,
2022-05-07 15:09:40,
2022-05-07 15:09:50,61.11838876734584
2022-05-07 15:10:00,95.3958692105575
2022-05-07 15:10:10,68.37519471010667
2022-05-07 15:10:20,58.76276181866524
2022-05-07 15:10:30,6.979156887628644
2022-05-07 15:10:40,75.52897682485383
2022-05-07 15:10:50,67.63743369631715
2022-05-07 15:11:00,86.63666441910019
2022-05-07 15:11:10,11.27770320907128
2022-05-07 15:11:20,81.6191340863923
2022-05-07 15:11:30,92.7718145168876
2022-05-07 15:11:40,68.61556351579586
2022-05-07 15:11:50,53.39124232678404
2022-05-07 15:12:00,33.769222203773
2022-05-07 15:12:10,67.66220260335798
2022-05-07 15:12:20,67.56859575279351
2022-05-07 15:12:30,99.74745493397255
2022-05-07 15:12:40,66.83798114722035
2022-05-07 15:12:50,123.74169407114324
2022-05-07 15:13:00,87.00293154761111
2022-05-07 15:13:10,79.66514346856276
2022-05-07 15:13:20,90.16732802354991
2022-05-07 15:13:30,43.31592137782234
2022-05-07 15:13:40,96.97103167342975
2022-05-07 15:13:50,85.65612353593777
2022-05-07 15:14:00,91.19081567924891
2022-05-07 15:14:10,113.47983142709536
2022-05-07 15:14:20,156.3981004231653
2022-05-07 15:14:30,
2022-05-07 15:14:40,69.75916505579347
2022-05-07 15:14:50,121.39437236485408
2022-05-07 15:15:00,89.84786761562184
2022-05-07 15:15:10,67.85655642390094
2022-05-07 15:15:20,104.86760796810614
2022-05-07 15:15:30,63.951696142322675
2022-05-07 15:15:40,59.59224128107084
2022-05-07 15:15:50,63.6700965354015
2022-05-07 15:16:00,118.78391540152667
2022-05-07 15:16:10,76.33787042615326
2022-05-07 15:16:20,122.42271518749725
2022-05-07 15:16:30,86.93740247680007
2022-05-07 15:16:40,29.95452041794654
2022-05-07 15:16:50,113.81869172067341
2022-05-07 15:17:00,98.95233072090275
2022-05-07 15:17:10,93.01163420189803
2022-05-07 15:17:20,63.23316710767378
2022-05-07 15:17:30,84.1154256398499
2022-05-07 15:17:40,71.35604479609059
2022-05-07 15:17:50,95.44595401552924
2022-05-07 15:18:00,113.04731681499904
2022-05-07 15:18:10,98.09144829173347
2022-05-07 15:18:20,108.60246571765946
2022-05-07 15:18:30,91.30085882148047
2022-05-07 15:18:40,106.40731666405364
2022-05-07 15:18:50,105.07907747308158
2022-05-07 15:19:00,52.914856454861
2022-05-07 15:19:10,75.47928897338134
2022-05-07 15:19:20,83.05216731116992
2022-05-07 15:19:30,90.14328062435978
2022-05-07 15:19:40,95.69605797145289
2022-05-07 15:19:50,98.50643471409916
2022-05-07 15:20:00,73.7356658496332
2022-05-07 15:20:10,132.01449082105398
2022-05-07 15:20:20,91.45501185832893
2022-05-07 15:20:30,62.04242503778411
2022-05-07 15:20:40,121.75939011543986
2022-05-07 15:20:50,
2022-05-07 15:21:00,
2022-05-07 15:21:10,
2022-05-07 15:21:20,
2022-05-07 15:21:30,
2022-05-07 15:21:40,
2022-05-07 15:21:50,
2022-05-07 15:22:00,
2022-05-07 15:22:10,
2022-05-07 15:22:20,
2022-05-07 15:22:30,
2022-05-07 15:22:40,
2022-05-07 15:22:50,130.56460071639987
2022-05-07 15:23:00,106.94046943401334
2022-05-07 15:23:10,102.61285049296956
2022-05-07 15:23:20,137.0116047144729
2022-05-07 15:23:30,102.56279174927099
2022-05-07 15:23:40,119.17832955186417
2022-05-07 15:23:50,109.5771461687619
2022-05-07 15:24:00,117.40740480828583
2022-05-07 15:24:10,144.7677267541555
2022-05-07 15:24:20,149.7965445626603
2022-05-07 15:24:30,126.6958448330708
2022-05-07 15:24:40,198.55179222261302
2022-05-07 15:24:50,172.72384026038023
2022-05-07 15:25:00,116.18085583905805
2022-05-07 15:25:10,159.59092704064452
2022-05-07 15:25:20,150.98111813644044
2022-05-07 15:25:30,193.5602782595128
2022-05-07 15:25:40,161.0018315546944
2022-05-07 15:25:50,74.55326833734009
2022-05-07 15:26:00,102.04583439539174
2022-05-07 15:26:10,151.49647031325338
2022-05-07 15:26:20,165.7315930272521
2022-05-07 15:26:30,176.41620418691912
2022-05-07 15:26:40,187.79258293067323
2022-05-07 15:26:50,171.9647170269385
2022-05-07 15:27:00,120.38883657767246
2022-05-07 15:27:10,205.34925008492007
2022-05-07 15:27:20,168.48769119008657
2022-05-07 15:27:30,198.2733298032098
2022-05-07 15:27:40,196.83254819618432
2022-05-07 15:27:50,230.17867728208262
2022-05-07 15:28:00,223.72466051733966
2022-05-07 15:28:10,179.98386868852128
2022-05-07 15:28:20,174.04928423725298
2022-05-07 15:28:30,249.23699852605546
2022-05-07 15:28:40,218.98646616843243
2022-05-07 15:28:50,204.67283096306616
2022-05-07 15:29:00,191.40808677731457
2022-05-07 15:29:10,210.97713095213203
2022-05-07 15:29:20,225.3338562039993
2022-05-07 15:29:30,240.98304336227864
2022-05-07 15:29:40,223.34530541439545
2022-05-07 15:29:50,198.1539913710506
2022-05-07 15:30:00,188.0661170776037
2022-05-07 15:30:10,203.70344197192168
2022-05-07 15:30:20,191.88539690683982
2022-05-07 15:30:30,161.29266126229646
2022-05-07 15:30:40,151.01991871089942
2022-05-07 15:30:50,187.9549816597391
2022-05-07 15:31:00,178.45255511828128
2022-05-07 15:31:10,132.48070029155042
2022-05-07 15:31:20,157.86372482200966
2022-05-07 15:31:30,181.6389946869249
2022-05-07 15:31:40,158.0064057947588
2022-05-07 15:31:50,153.986175118089
2022-05-07 15:32:00,179.5282934016976
2022-05-07 15:32:10,185.36065763936023
2022-05-07 15:32:20,300.74909024314803
2022-05-07 15:32:30,345.49944178945276
2022-05-07 15:32:40,429.28877071605694
2022-05-07 15:32:50,357.15360668794017
2022-05-07 15:33:00,181.2308325873295
2022-05-07 15:33:10,173.18867686060858
2022-05-07 15:33:20,215.57984107170623
2022-05-07 15:33:30,190.32281034225304
2022-05-07 15:33:40,174.46476655308643
2022-05-07 15:33:50,198.6412735524653
2022-05-07 15:34:00,197.74615287253283
2022-05-07 15:34:10,178.8184073289409
2022-05-07 15:34:20,176.1214801520899
2022-05-07 15:34:30,174.3135699989389
2022-05-07 15:34:40,160.65520703119154
2022-05-07 15:34:50,237.74250318094317
2022-05-07 15:35:00,127.10882527160625
2022-05-07 15:35:10,213.67465048643345
2022-05-07 15:35:20,131.9418560491897
2022-05-07 15:35:30,229.04500063260315
2022-05-07 15:35:40,224.20863938442668
2022-05-07 15:35:50,160.19020746077857
2022-05-07 15:36:00,212.91939592067448
2022-05-07 15:36:10,208.65553877238142
2022-05-07 15:36:20,206.53461578186128
2022-05-07 15:36:30,250.71272778464584
2022-05-07 15:36:40,212.72822688654702
2022-05-07 15:36:50,166.3485883203992
2022-05-07 15:37:00,248.71854485993848
2022-05-07 15:37:10,168.4782811089807
2022-05-07 15:37:20,199.47778770443477
2022-05-07 15:37:30,166.5919916175538
2022-05-07 15:37:40,186.025088312325
2022-05-07 15:37:50,187.38938167174217
2022-05-07 15:38:00,155.2840904015419
2022-05-07 15:38:10,169.4297484695812
2022-05-07 15:38:20,157.43563019452563
2022-05-07 15:38:30,241.49474293020168
2022-05-07 15:38:40,209.2932159021782
2022-05-07 15:38:50,217.14643726655456
2022-05-07 15:39:00,180.0443878746918
2022-05-07 15:39:10,141.47102630246832
2022-05-07 15:39:20,181.972844636414
2022-05-07 15:39:30,188.46314013730154
2022-05-07 15:39:40,147.92118431817227
2022-05-07 15:39:50,137.3506531488336
2022-05-07 15:40:00,226.02188128475188
2022-05-07 15:40:10,200.14336768628712
2022-05-07 15:40:20,181.07186319345186
2022-05-07 15:40:30,145.8537405191469
2022-05-07 15:40:40,167.80100280893382
2022-05-07 15:40:50,195.30920869275045
2022-05-07 15:41:00,181.7800094761555
2022-05-07 15:41:10,165.6101496546865
2022-05-07 15:41:20,187.39208988563175
2022-05-07 15:41:30,225.5229493283011
2022-05-07 15:41:40,176.26490425986074
2022-05-07 15:41:50,234.27513173099476
2022-05-07 15:42:00,207.3617626370279
2022-05-07 15:42:10,178.6773007704598
2022-05-07 15:42:20,196.02415726526635
2022-05-07 15:42:30,201.6113091595258
2022-05-07 15:42:40,164.71866320686274
2022-05-07 15:42:50,209.98004697544687
2022-05-07 15:43:00,176.7236582790002
2022-05-07 15:43:10,214.39239966042248
2022-05-07 15:43:20,189.0647653090448
2022-05-07 15:43:30,184.30939313678212
2022-05-07 15:43:40,168.51723055479215
2022-05-07 15:43:50,164.65408807693373
2022-05-07 15:44:00,
2022-05-07 15:44:10,
2022-05-07 15:44:20,
2022-05-07 15:44:30,
2022-05-07 15:44:40,
2022-05-07 15:44:50,
2022-05-07 15:45:00,
2022-05-07 15:45:10,
2022-05-07 15:45:20,
2022-05-07 15:45:30,
2022-05-07 15:45:40,
2022-05-07 15:45:50,
2022-05-07 15:46:00,221.63158587205783
2022-05-07 15:46:10,190.85242617630567
2022-05-07 15:46:20,150.00684824177708
2022-05-07 15:46:30,150.27244035480066
2022-05-07 15:46:40,210.89281619435116
2022-05-07 15:46:50,218.1876041476233
2022-05-07 15:47:00,198.11288716606683
2022-05-07 15:47:10,164.6222194393809
2022-05-07 15:47:20,204.77396659805294
2022-05-07 15:47:30,165.78857918185298
2022-05-07 15:47:40,205.72262916651323
2022-05-07 15:47:50,164.28726370688946
2022-05-07 15:48:00,165.9346440071579
2022-05-07 15:48:10,112.37428784942064
2022-05-07 15:48:20,99.84039080032967
2022-05-07 15:48:30,151.6856396531278
2022-05-07 15:48:40,177.63419767274732
2022-05-07 15:48:50,122.24776435498339
2022-05-07 15:49:00,152.8539478900603
2022-05-07 15:49:10,134.41242082528663
2022-05-07 15:49:20,142.7626421925028
2022-05-07 15:49:30,98.15889878497019
2022-05-07 15:49:40,191.38859809740677
2022-05-07 15:49:50,174.5165031021218
2022-05-07 15:50:00,156.77966790766948
2022-05-07 15:50:10,165.5288776995451
2022-05-07 15:50:20,131.28674466572255
2022-05-07 15:50:30,149.5759200175947
2022-05-07 15:50:40,144.77321178784482
2022-05-07 15:50:50,155.74977652975085
2022-05-07 15:51:00,225.55555124259655
2022-05-07 15:51:10,197.74707506373602
2022-05-07 15:51:20,136.27255759693796
2022-05-07 15:51:30,132.87522063880238
2022-05-07 15:51:40,155.28593081393217
2022-05-07 15:51:50,192.41253394997554
2022-05-07 15:52:00,202.96490790730135
2022-05-07 15:52:10,201.15930535357674
2022-05-07 15:52:20,233.61256303927007
2022-05-07 15:52:30,167.55309090646512
2022-05-07 15:52:40,198.7938996148956
2022-05-07 15:52:50,188.49804934565586
2022-05-07 15:53:00,129.96797271976374
2022-05-07 15:53:10,191.65347032674745
2022-05-07 15:53:20,121.47469594937873
2022-05-07 15:53:30,136.34974396151406
2022-05-07 15:53:40,145.25768190647682
2022-05-07 15:53:50,151.6496441673304
2022-05-07 15:54:00,121.543937602012
2022-05-07 15:54:10,181.26103783796535
2022-05-07 15:54:20,171.17340980705814
2022-05-07 15:54:30,116.53978331369271
2022-05-07 15:54:40,148.5280825238943
2022-05-07 15:54:50,153.39888651705388
2022-05-07 15:55:00,128.89344496867744
2022-05-07 15:55:10,176.7628656177884
2022-05-07 15:55:20,147.31971376404965
2022-05-07 15:55:30,152.62034555159858
2022-05-07 15:55:40,146.59241945303708
2022-05-07 15:55:50,132.2157661248946
2022-05-07 15:56:00,121.27957816250749
2022-05-07 15:56:10,133.91772930286075
2022-05-07 15:56:20,128.49119229411454
2022-05-07 15:56:30,173.48588291919646
2022-05-07 15:56:40,120.57194214473428
2022-05-07 15:56:50,137.92872611311492
2022-05-07 15:57:00,121.14646964623599
2022-05-07 15:57:10,
2022-05-07 15:57:20,
2022-05-07 15:57:30,
2022-05-07 15:57:40,
2022-05-07 15:57:50,
2022-05-07 15:58:00,
2022-05-07 15:58:10,
2022-05-07 15:58:20,
2022-05-07 15:58:30,
2022-05-07 15:58:40,
2022-05-07 15:58:50,
2022-05-07 15:59:00,216.21044095104932
2022-05-07 15:59:10,185.6131540244429
2022-05-07 15:59:20,197.87157677130347
2022-05-07 15:59:30,209.30271541995756
2022-05-07 15:59:40,198.99841442189188
2022-05-07 15:59:50,177.62796530952428
2022-05-07 16:00:00,167.57175639858136
2022-05-07 16:00:10,216.77688738382184
2022-05-07 16:00:20,196.55947393260777
2022-05-07 16:00:30,168.60863846568066
2022-05-07 16:00:40,163.17470406859812
2022-05-07 16:00:50,156.9732487350944
2022-05-07 16:01:00,217.94526815091365
2022-05-07 16:01:10,159.93544766022723
2022-05-07 16:01:20,182.65310406382542
2022-05-07 16:01:30,200.48879466201376
2022-05-07 16:01:40,193.71271450085626
2022-05-07 16:01:50,159.34039738402478
2022-05-07 16:02:00,153.18702585331087
2022-05-07 16:02:10,154.3259775047126
2022-05-07 16:02:20,151.35775897088288
2022-05-07 16:02:30,242.8799085460601
2022-05-07 16:02:40,305.7305257907819
2022-05-07 16:02:50,330.770532910343
2022-05-07 16:03:00,276.20246979402947
2022-05-07 16:03:10,189.39155045448138
2022-05-07 16:03:20,222.15206971973046
2022-05-07 16:03:30,152.08570720736552
2022-05-07 16:03:40,155.84981271641692
2022-05-07 16:03:50,156.90689026360832
2022-05-07 16:04:00,201.3543248078112
2022-05-07 16:04:10,133.96830813673276
2022-05-07 16:04:20,183.52021237554817
2022-05-07 16:04:30,149.6747519607885
2022-05-07 16:04:40,200.61589773103918
2022-05-07 16:04:50,75.53053572151696
2022-05-07 16:05:00,198.70152417331076
2022-05-07 16:05:10,161.21343924653485
2022-05-07 16:05:20,138.19354222247398
2022-05-07 16:05:30,194.11013348984724
2022-05-07 16:05:40,118.79666471377827
2022-05-07 16:05:50,133.62598438701838
2022-05-07 16:06:00,193.50810920688787
2022-05-07 16:06:10,131.0925306508022
2022-05-07 16:06:20,211.63578036864806
2022-05-07 16:06:30,172.5470482430952
2022-05-07 16:06:40,108.00022160059896
2022-05-07 16:06:50,193.9939758082097
2022-05-07 16:07:00,145.82369033887537
2022-05-07 16:07:10,173.90093436389023
2022-05-07 16:07:20,158.38074064704958
2022-05-07 16:07:30,228.3060077805394
2022-05-07 16:07:40,116.28868530260868
2022-05-07 16:07:50,159.43300621067365
2022-05-07 16:08:00,170.15812541562326
2022-05-07 16:08:10,148.40440807165933
2022-05-07 16:08:20,110.56496325294131
2022-05-07 16:08:30,154.87631482752516
2022-05-07 16:08:40,160.32943590928195
2022-05-07 16:08:50,182.7393540709233
2022-05-07 16:09:00,109.15174348690236
2022-05-07 16:09:10,164.36556723565695
2022-05-07 16:09:20,166.04362609850364
2022-05-07 16:09:30,98.17986935337898
2022-05-07 16:09:40,208.69521307620442
2022-05-07 16:09:50,194.64689976312667
2022-05-07 16:10:00,185.5699636446443
2022-05-07 16:10:10,143.7427700571977
2022-05-07 16:10:20,175.20255295020092
2022-05-07 16:10:30,173.9972676671528
2022-05-07 16:10:40,163.72775939090428
2022-05-07 16:10:50,162.5492737720638
2022-05-07 16:11:00,158.10051894271294
2022-05-07 16:11:10,124.93666431984587
2022-05-07 16:11:20,140.2745781256959
2022-05-07 16:11:30,154.88189701684257
2022-05-07 16:11:40,141.5134841325872
2022-05-07 16:11:50,151.96675878677254
2022-05-07 16:12:00,171.68083604778582
2022-05-07 16:12:10,141.6097532759812
2022-05-07 16:12:20,197.56799492484572
2022-05-07 16:12:30,127.50808768836978
2022-05-07 16:12:40,153.68098466095518
2022-05-07 16:12:50,149.56842089669755
2022-05-07 16:13:00,128.70041397521004
2022-05-07 16:13:10,156.8032742422777
2022-05-07 16:13:20,155.86914792627587
2022-05-07 16:13:30,134.76301088466477
2022-05-07 16:13:40,188.8233805114795
2022-05-07 16:13:50,167.82358078184427
2022-05-07 16:14:00,158.22553393941325
2022-05-07 16:14:10,142.09877915382253
2022-05-07 16:14:20,134.17858811905543
2022-05-07 16:14:30,171.27372243197235
2022-05-07 16:14:40,192.66881810668582
2022-05-07 16:14:50,140.7774608009873
2022-05-07 16:15:00,171.50540260773988
2022-05-07 16:15:10,175.83819677774738
2022-05-07 16:15:20,155.7268286595191
2022-05-07 16:15:30,139.43322596596127
2022-05-07 16:15:40,148.4009574809367
2022-05-07 16:15:50,130.38545095340925
2022-05-07 16:16:00,157.3432185443144
2022-05-07 16:16:10,96.87781748586994
2022-05-07 16:16:20,157.6095762548925
2022-05-07 16:16:30,166.38913622661627
2022-05-07 16:16:40,174.44708435599645
2022-05-07 16:16:50,149.26494152171534
2022-05-07 16:17:00,151.21742786927567
2022-05-07 16:17:10,136.30889956834073
2022-05-07 16:17:20,183.6518282673227
2022-05-07 16:17:30,160.0569482243756
2022-05-07 16:17:40,110.40327824842205
2022-05-07 16:17:50,163.64681162883068
2022-05-07 16:18:00,207.0352083748954
2022-05-07 16:18:10,117.01062241506344
2022-05-07 16:18:20,164.0499719398435
2022-05-07 16:18:30,113.30144902472401
2022-05-07 16:18:40,162.30243063356698
2022-05-07 16:18:50,176.5728066599731
2022-05-07 16:19:00,146.3404922329603
2022-05-07 16:19:10,190.00298249875124
2022-05-07 16:19:20,139.51319757930085
2022-05-07 16:19:30,152.56931558510803
2022-05-07 16:19:40,148.1328285088434
2022-05-07 16:19:50,132.7362773703326
2022-05-07 16:20:00,126.89127046910995
2022-05-07 16:20:10,203.14181759668878
2022-05-07 16:20:20,168.76827467825
2022-05-07 16:20:30,171.26330515987422
2022-05-07 16:20:40,176.40602582826665
2022-05-07 16:20:50,125.01705171945076
2022-05-07 16:21:00,180.01774074428377
2022-05-07 16:21:10,144.68267776659275
2022-05-07 16:21:20,145.09321327537447
2022-05-07 16:21:30,140.7743646673469
2022-05-07 16:21:40,110.97974963829827
2022-05-07 16:21:50,137.84333435193076
2022-05-07 16:22:00,167.7855849678366
2022-05-07 16:22:10,162.20608040728305
2022-05-07 16:22:20,154.67664292373632
2022-05-07 16:22:30,118.82230301057622
2022-05-07 16:22:40,125.75144977989152
2022-05-07 16:22:50,159.0583029998581
2022-05-07 16:23:00,122.30500654329884
2022-05-07 16:23:10,140.5831731730529
2022-05-07 16:23:20,195.32957883818224
2022-05-07 16:23:30,262.2523949789516
2022-05-07 16:23:40,238.95292712763015
2022-05-07 16:23:50,171.0623667132282
2022-05-07 16:24:00,189.6335281446456
2022-05-07 16:24:10,184.65643038061162
2022-05-07 16:24:20,160.30431984148584
2022-05-07 16:24:30,152.6675900202374
2022-05-07 16:24:40,183.17538403941566
2022-05-07 16:24:50,182.80798349922537
2022-05-07 16:25:00,194.4343338696399
2022-05-07 16:25:10,159.2334035071381
2022-05-07 16:25:20,149.5760722922958
2022-05-07 16:25:30,165.44746346008912
2022-05-07 16:25:40,137.7008926866513
2022-05-07 16:25:50,172.14172137942006
2022-05-07 16:26:00,132.4808024166486
2022-05-07 16:26:10,181.9621075604273
2022-05-07 16:26:20,132.82044765615908
2022-05-07 16:26:30,158.56423665190547
2022-05-07 16:26:40,121.7110957437475
2022-05-07 16:26:50,156.61631536405415
2022-05-07 16:27:00,150.4686177925206
2022-05-07 16:27:10,174.30387183283582
2022-05-07 16:27:20,127.89615874144327
2022-05-07 16:27:30,153.4934682154642
2022-05-07 16:27:40,136.8850128170476
2022-05-07 16:27:50,147.44507037683596
2022-05-07 16:28:00,100.21201813422381
2022-05-07 16:28:10,
2022-05-07 16:28:20,
2022-05-07 16:28:30,
2022-05-07 16:28:40,
2022-05-07 16:28:50,
2022-05-07 16:29:00,
2022-05-07 16:29:10,
2022-05-07 16:29:20,
2022-05-07 16:29:30,
2022-05-07 16:29:40,
2022-05-07 16:29:50,
2022-05-07 16:30:00,
2022-05-07 16:30:10,151.85484006090078
2022-05-07 16:30:20,177.3820721093602
2022-05-07 16:30:30,187.04788897510625
2022-05-07 16:30:40,116.51724412709422
2022-05-07 16:30:50,88.0248478242759
2022-05-07 16:31:00,90.37037560736239
2022-05-07 16:31:10,154.1251391404291
2022-05-07 16:31:20,132.27875880340036
2022-05-07 16:31:30,177.5200140313813
2022-05-07 16:31:40,151.50347001682798
2022-05-07 16:31:50,134.89284099582153
2022-05-07 16:32:00,112.490414831287
2022-05-07 16:32:10,115.1412377860712
2022-05-07 16:32:20,142.87160124877272
2022-05-07 16:32:30,124.05258073558589
2022-05-07 16:32:40,117.11835751442894
2022-05-07 16:32:50,156.52072426906028
2022-05-07 16:33:00,101.33378143981312
2022-05-07 16:33:10,99.5876332477178
2022-05-07 16:33:20,146.6447064852591
2022-05-07 16:33:30,78.97901284335758
2022-05-07 16:33:40,99.78722044000833
2022-05-07 16:33:50,154.44759179347008
2022-05-07 16:34:00,123.25563181723092
2022-05-07 16:34:10,138.47922597303122
2022-05-07 16:34:20,75.93624805770716
2022-05-07 16:34:30,94.01983649425924
2022-05-07 16:34:40,100.9958895577074
2022-05-07 16:34:50,71.97552258246883
2022-05-07 16:35:00,135.85882661093464
2022-05-07 16:35:10,121.158796802095
2022-05-07 16:35:20,115.52637163162218
2022-05-07 16:35:30,103.82549098985646
2022-05-07 16:35:40,51.65502816182923
2022-05-07 16:35:50,114.46142249601216
2022-05-07 16:36:00,141.37732744107748
2022-05-07 16:36:10,88.57153532194992
2022-05-07 16:36:20,87.67129062785538
2022-05-07 16:36:30,118.86103346074741
2022-05-07 16:36:40,47.34761553037888
2022-05-07 16:36:50,84.07748339956383
2022-05-07 16:37:00,92.29548764594573
2022-05-07 16:37:10,123.9778856645927
2022-05-07 16:37:20,116.63326029734195
2022-05-07 16:37:30,115.70233625047298
2022-05-07 16:37:40,135.51014043610678
2022-05-07 16:37:50,79.1237955442101
2022-05-07 16:38:00,126.99049078974623
2022-05-07 16:38:10,142.20349140322367
2022-05-07 16:38:20,116.4012697864389
2022-05-07 16:38:30,102.31596951376534
2022-05-07 16:38:40,35.153804764722366
2022-05-07 16:38:50,121.24828343762941
2022-05-07 16:39:00,99.62842534558287
2022-05-07 16:39:10,94.39202153333845
2022-05-07 16:39:20,129.2843725071642
2022-05-07 16:39:30,102.52911166930093
2022-05-07 16:39:40,148.48280803306304
2022-05-07 16:39:50,64.15762380580449
2022-05-07 16:40:00,105.39030675262575
2022-05-07 16:40:10,88.35508479464497
2022-05-07 16:40:20,123.04190353630274
2022-05-07 16:40:30,49.95451987116391
2022-05-07 16:40:40,114.54834914893567
2022-05-07 16:40:50,136.74054001203802
2022-05-07 16:41:00,95.97837071020453
2022-05-07 16:41:10,116.35620337921843
2022-05-07 16:41:20,82.07479698101959
2022-05-07 16:41:30,69.64992012161257
2022-05-07 16:41:40,139.25645748956723
2022-05-07 16:41:50,135.55401754198266
2022-05-07 16:42:00,121.91691111710952
2022-05-07 16:42:10,106.42900654866088
2022-05-07 16:42:20,74.27179080840396
2022-05-07 16:42:30,75.6535463038429
2022-05-07 16:42:40,150.67762856578943
2022-05-07 16:42:50,82.1095233159377
2022-05-07 16:43:00,157.3194323507835
2022-05-07 16:43:10,127.62558592033714
2022-05-07 16:43:20,
2022-05-07 16:43:30,
2022-05-07 16:43:40,
2022-05-07 16:43:50,
2022-05-07 16:44:00,
2022-05-07 16:44:10,
2022-05-07 16:44:20,
2022-05-07 16:44:30,
2022-05-07 16:44:40,
2022-05-07 16:44:50,
2022-05-07 16:45:00,
