Date_time,SO2_ppb
2022-05-02 11:28:00,0.1340765653665026
2022-05-02 11:28:10,0.17961406774812097
2022-05-02 11:28:20,0.15240008006389977
2022-05-02 11:28:30,0.17405754717480995
2022-05-02 11:28:40,0.08810573263668328
2022-05-02 11:28:50,0.1539387975676489
2022-05-02 11:29:00,0.1747581686446798
2022-05-02 11:29:10,0.11682205167218815
2022-05-02 11:29:20,0.13758511302316306
2022-05-02 11:29:30,0.1387335175576087
2022-05-02 11:29:40,0.05463559825979496
2022-05-02 11:29:50,0.1302348508745943
2022-05-02 11:30:00,0.0664379309082712
2022-05-02 11:30:10,0.0949205132593298
2022-05-02 11:30:20,0.04393286215021943
2022-05-02 11:30:30,0.0804137908167722
2022-05-02 11:30:40,0.07191731437259376
2022-05-02 11:30:50,0.14892872070029997
2022-05-02 11:31:00,0.056766458534477586
2022-05-02 11:31:10,0.12997198990088735
2022-05-02 11:31:20,0.07188008625113183
2022-05-02 11:31:30,0.08495019460146361
2022-05-02 11:31:40,0.036824439978409444
2022-05-02 11:31:50,0.12284443527564237
2022-05-02 11:32:00,0.12005131357175239
2022-05-02 11:32:10,0.06728050844868788
2022-05-02 11:32:20,0.08003622109683238
2022-05-02 11:32:30,0.14419867103104664
2022-05-02 11:32:40,0.10778592925750895
2022-05-02 11:32:50,0.07019994319369172
2022-05-02 11:33:00,0.1344930568384631
2022-05-02 11:33:10,0.09698777465023267
2022-05-02 11:33:20,0.13131949592060915
2022-05-02 11:33:30,0.12509184973641102
2022-05-02 11:33:40,
2022-05-02 11:33:50,0.08342730740302741
2022-05-02 11:34:00,0.026565146175805104
2022-05-02 11:34:10,0.10449395514001734
2022-05-02 11:34:20,0.13731612536823898
2022-05-02 11:34:30,0.1277079890499118
2022-05-02 11:34:40,0.1649530878124955
2022-05-02 11:34:50,0.12060285908687961
2022-05-02 11:35:00,0.11028304622912659
2022-05-02 11:35:10,0.12832056621438612
2022-05-02 11:35:20,0.10069144116339147
2022-05-02 11:35:30,0.10186968767820158
2022-05-02 11:35:40,0.07239943368487474
2022-05-02 11:35:50,0.12092536893959592
2022-05-02 11:36:00,0.1346552074972911
2022-05-02 11:36:10,0.09041958649875563
2022-05-02 11:36:20,0.1572388383933004
2022-05-02 11:36:30,-0.09146277532367436
2022-05-02 11:36:40,0.12435782816147203
2022-05-02 11:36:50,0.14645845636019758
2022-05-02 11:37:00,0.16175392103142042
2022-05-02 11:37:10,0.1265126670053263
2022-05-02 11:37:20,0.14379465577215977
2022-05-02 11:37:30,0.14031588309262122
2022-05-02 11:37:40,0.1356401519990732
2022-05-02 11:37:50,0.12758967317535513
2022-05-02 11:38:00,0.10515496232730942
2022-05-02 11:38:10,0.12039838645747684
2022-05-02 11:38:20,
2022-05-02 11:38:30,
2022-05-02 11:38:40,
2022-05-02 11:38:50,
2022-05-02 11:39:00,
2022-05-02 11:39:10,
2022-05-02 11:39:20,
2022-05-02 11:39:30,
2022-05-02 11:39:40,
2022-05-02 11:39:50,
2022-05-02 11:40:00,
2022-05-02 11:40:10,
2022-05-02 11:40:20,
2022-05-02 11:40:30,
2022-05-02 11:40:40,
2022-05-02 11:40:50,
2022-05-02 11:41:00,
2022-05-02 11:41:10,
2022-05-02 11:41:20,
2022-05-02 11:41:30,
2022-05-02 11:41:40,
2022-05-02 11:41:50,
2022-05-02 11:42:00,
2022-05-02 11:42:10,0.24883230663201325
2022-05-02 11:42:20,0.2324506701479945
2022-05-02 11:42:30,0.25046885071232966
2022-05-02 11:42:40,0.19155478533500495
2022-05-02 11:42:50,0.23094668084824208
2022-05-02 11:43:00,0.26888543713372454
2022-05-02 11:43:10,0.12740930268890158
2022-05-02 11:43:20,0.17729538075026863
2022-05-02 11:43:30,0.12589127914117298
2022-05-02 11:43:40,0.13965038356176115
2022-05-02 11:43:50,0.14369921281494671
2022-05-02 11:44:00,0.1742647112975526
2022-05-02 11:44:10,0.1717386376594048
2022-05-02 11:44:20,0.10411833433087389
2022-05-02 11:44:30,0.13367499897516907
2022-05-02 11:44:40,0.15446831211290415
2022-05-02 11:44:50,0.11770377061983565
2022-05-02 11:45:00,0.18011636170554013
2022-05-02 11:45:10,0.1510526972753424
2022-05-02 11:45:20,0.07427210754040757
2022-05-02 11:45:30,0.13073406659395828
2022-05-02 11:45:40,
2022-05-02 11:45:50,0.15628498772799337
2022-05-02 11:46:00,0.16635331956145755
2022-05-02 11:46:10,0.14960129816837203
2022-05-02 11:46:20,0.14073802282673448
2022-05-02 11:46:30,0.15437794052683518
2022-05-02 11:46:40,0.1376008931369185
2022-05-02 11:46:50,0.18887988517790905
2022-05-02 11:47:00,0.16679366723649258
2022-05-02 11:47:10,0.1542635391176562
2022-05-02 11:47:20,0.1497695164688156
2022-05-02 11:47:30,0.12601419348518836
2022-05-02 11:47:40,0.16074255276219937
2022-05-02 11:47:50,0.15310152746080796
2022-05-02 11:48:00,0.18442396658946617
2022-05-02 11:48:10,0.13556711735520804
2022-05-02 11:48:20,0.18409746759219148
2022-05-02 11:48:30,0.181518188869075
2022-05-02 11:48:40,0.13748874577846915
2022-05-02 11:48:50,0.0751793749869568
2022-05-02 11:49:00,0.18372832234302985
2022-05-02 11:49:10,0.07716443431298081
2022-05-02 11:49:20,0.1276978392890434
2022-05-02 11:49:30,0.18745711110636396
2022-05-02 11:49:40,0.1517565636741706
2022-05-02 11:49:50,0.18193679079614763
2022-05-02 11:50:00,0.1707458119496753
2022-05-02 11:50:10,0.11918130294485359
2022-05-02 11:50:20,0.18083387587040112
2022-05-02 11:50:30,0.11279889736620385
2022-05-02 11:50:40,0.14799443451552055
2022-05-02 11:50:50,0.16537220377767534
2022-05-02 11:51:00,0.15435341392027588
2022-05-02 11:51:10,0.07118673656617804
2022-05-02 11:51:20,0.15024259718581617
2022-05-02 11:51:30,0.15136435892289904
2022-05-02 11:51:40,0.1361083494747437
2022-05-02 11:51:50,0.1619441566657475
2022-05-02 11:52:00,0.1354890705727782
2022-05-02 11:52:10,0.14261048093001627
2022-05-02 11:52:20,0.11261173487896192
2022-05-02 11:52:30,0.10869061435086187
2022-05-02 11:52:40,0.19051871470065357
2022-05-02 11:52:50,0.17036864017138106
2022-05-02 11:53:00,0.11167830914593706
2022-05-02 11:53:10,0.12063998089458212
2022-05-02 11:53:20,0.13042682528982968
2022-05-02 11:53:30,0.13807933033563155
2022-05-02 11:53:40,0.16246908736796228
2022-05-02 11:53:50,0.11539817582792299
2022-05-02 11:54:00,0.14829190226911723
2022-05-02 11:54:10,0.13820191514670355
2022-05-02 11:54:20,0.17531259587919723
2022-05-02 11:54:30,0.09151850522000406
2022-05-02 11:54:40,0.13988386601054928
2022-05-02 11:54:50,0.1551598789057705
2022-05-02 11:55:00,0.12605649906150396
2022-05-02 11:55:10,0.12056618771702428
2022-05-02 11:55:20,0.17639124319924424
2022-05-02 11:55:30,0.13086047870829595
2022-05-02 11:55:40,0.17175123364286005
2022-05-02 11:55:50,0.08563136742463222
2022-05-02 11:56:00,0.1753573296134066
2022-05-02 11:56:10,0.1045604554409375
2022-05-02 11:56:20,0.14861255621137393
2022-05-02 11:56:30,0.11448163904141483
2022-05-02 11:56:40,0.13373494355204246
2022-05-02 11:56:50,0.16709425798704614
2022-05-02 11:57:00,0.14019926542505132
2022-05-02 11:57:10,0.08883192791034433
2022-05-02 11:57:20,0.1568416947420719
2022-05-02 11:57:30,0.1901971655439632
2022-05-02 11:57:40,0.1480465896508642
2022-05-02 11:57:50,0.13589492741691755
2022-05-02 11:58:00,0.15119297558161776
2022-05-02 11:58:10,0.14785546870164878
2022-05-02 11:58:20,0.12047392487476563
2022-05-02 11:58:30,0.11881780694759798
2022-05-02 11:58:40,0.1451773027479809
2022-05-02 11:58:50,0.11111541719271434
2022-05-02 11:59:00,0.11806098586339575
2022-05-02 11:59:10,0.12346808082054177
2022-05-02 11:59:20,0.13770827511844602
2022-05-02 11:59:30,0.12451837260151699
2022-05-02 11:59:40,0.13303310116492095
2022-05-02 11:59:50,0.04261708904805662
2022-05-02 12:00:00,0.10868015774198912
2022-05-02 12:00:10,0.07928358440778084
2022-05-02 12:00:20,0.09790403846715892
2022-05-02 12:00:30,0.021364111029856095
2022-05-02 12:00:40,0.08417505957163193
2022-05-02 12:00:50,0.032294857007852125
2022-05-02 12:01:00,0.09127095018693275
2022-05-02 12:01:10,0.08634020364723369
2022-05-02 12:01:20,0.0691131122870008
2022-05-02 12:01:30,0.08224039955450495
2022-05-02 12:01:40,0.09175552065290059
2022-05-02 12:01:50,0.04753511343896655
2022-05-02 12:02:00,0.07495580206113726
2022-05-02 12:02:10,0.06369382398357121
2022-05-02 12:02:20,0.08536313783323209
2022-05-02 12:02:30,0.07640341994223135
2022-05-02 12:02:40,0.05409435229314743
2022-05-02 12:02:50,0.08746893274760209
2022-05-02 12:03:00,
2022-05-02 12:03:10,
2022-05-02 12:03:20,
2022-05-02 12:03:30,
2022-05-02 12:03:40,
2022-05-02 12:03:50,
2022-05-02 12:04:00,
2022-05-02 12:04:10,
2022-05-02 12:04:20,
2022-05-02 12:04:30,
2022-05-02 12:04:40,
2022-05-02 12:04:50,
2022-05-02 12:05:00,
2022-05-02 12:05:10,
2022-05-02 12:05:20,
2022-05-02 12:05:30,
2022-05-02 12:05:40,
2022-05-02 12:05:50,
2022-05-02 12:06:00,
2022-05-02 12:06:10,
2022-05-02 12:06:20,0.2146066975293143
2022-05-02 12:06:30,0.1653156404388919
2022-05-02 12:06:40,0.13814013107185705
2022-05-02 12:06:50,0.145535996100136
2022-05-02 12:07:00,0.15815540199260988
2022-05-02 12:07:10,0.14495974112577673
2022-05-02 12:07:20,0.10984735233789737
2022-05-02 12:07:30,0.12316585241481533
2022-05-02 12:07:40,0.1437985088083397
2022-05-02 12:07:50,0.12457132217730199
2022-05-02 12:08:00,0.19665222654324357
2022-05-02 12:08:10,0.14012511491167448
2022-05-02 12:08:20,0.19127435113250477
2022-05-02 12:08:30,0.13564094015081557
2022-05-02 12:08:40,0.10813427210446798
2022-05-02 12:08:50,0.13469043149211335
2022-05-02 12:09:00,0.1292172254704892
2022-05-02 12:09:10,0.17132361429887255
2022-05-02 12:09:20,0.11531218326953625
2022-05-02 12:09:30,0.11103526253314584
2022-05-02 12:09:40,0.1393179827505923
2022-05-02 12:09:50,0.10394339437206551
2022-05-02 12:10:00,0.15502734604546362
2022-05-02 12:10:10,0.11157583397035747
2022-05-02 12:10:20,0.15980393463821818
2022-05-02 12:10:30,0.10749978083837734
2022-05-02 12:10:40,0.09220350904058941
2022-05-02 12:10:50,0.08388404421477659
2022-05-02 12:11:00,0.13260507215684986
2022-05-02 12:11:10,0.10882730130256657
2022-05-02 12:11:20,0.15843820997671657
2022-05-02 12:11:30,0.11017950358394595
2022-05-02 12:11:40,0.13786403555404372
2022-05-02 12:11:50,0.05400133191073416
2022-05-02 12:12:00,0.11600433340980439
2022-05-02 12:12:10,0.10686473097966397
2022-05-02 12:12:20,0.19115394390153886
2022-05-02 12:12:30,0.14521486106773257
2022-05-02 12:12:40,0.12738299421323526
2022-05-02 12:12:50,0.13495443407764196
2022-05-02 12:13:00,0.16412006375034363
2022-05-02 12:13:10,0.13423731721796003
2022-05-02 12:13:20,0.0872909318168941
2022-05-02 12:13:30,0.14902901079994416
2022-05-02 12:13:40,0.14548321839825312
2022-05-02 12:13:50,0.15902799468301868
2022-05-02 12:14:00,0.14827845598048575
2022-05-02 12:14:10,0.1894922797922916
2022-05-02 12:14:20,0.19243396162520449
2022-05-02 12:14:30,0.16180913300326363
2022-05-02 12:14:40,0.14754400116017738
2022-05-02 12:14:50,0.153416581783247
2022-05-02 12:15:00,0.16425807060372807
2022-05-02 12:15:10,0.1799237327473146
2022-05-02 12:15:20,0.1630445858682644
2022-05-02 12:15:30,0.17767802124963641
2022-05-02 12:15:40,0.23357213161555077
2022-05-02 12:15:50,0.1703426997826689
2022-05-02 12:16:00,0.1847627660521175
2022-05-02 12:16:10,0.1335546628213839
2022-05-02 12:16:20,0.19143214370510148
2022-05-02 12:16:30,0.2370176239676555
2022-05-02 12:16:40,0.2424416269404495
2022-05-02 12:16:50,0.218355099147484
2022-05-02 12:17:00,0.22703473513686798
2022-05-02 12:17:10,0.23567925127683995
2022-05-02 12:17:20,0.25466708909817315
2022-05-02 12:17:30,0.22138149135543514
2022-05-02 12:17:40,0.2812364609625454
2022-05-02 12:17:50,0.2577136909974534
2022-05-02 12:18:00,0.28639773910002314
2022-05-02 12:18:10,0.2082433044483839
2022-05-02 12:18:20,0.2652186676855518
2022-05-02 12:18:30,0.2521374014767852
2022-05-02 12:18:40,0.24887072620513123
2022-05-02 12:18:50,0.22152364085209356
2022-05-02 12:19:00,0.3110904113991916
2022-05-02 12:19:10,0.22958112564033936
2022-05-02 12:19:20,0.23174129622670608
2022-05-02 12:19:30,0.23331111492766424
2022-05-02 12:19:40,0.22889359575669485
2022-05-02 12:19:50,0.2437703400748407
2022-05-02 12:20:00,0.2642771283644892
2022-05-02 12:20:10,0.24434285016562407
2022-05-02 12:20:20,0.215527630774643
2022-05-02 12:20:30,0.20769726316655415
2022-05-02 12:20:40,
2022-05-02 12:20:50,
2022-05-02 12:21:00,
2022-05-02 12:21:10,
2022-05-02 12:21:20,
2022-05-02 12:21:30,
2022-05-02 12:21:40,
2022-05-02 12:21:50,
2022-05-02 12:22:00,
2022-05-02 12:22:10,
2022-05-02 12:22:20,
2022-05-02 12:22:30,
2022-05-02 12:22:40,
2022-05-02 12:22:50,
2022-05-02 12:23:00,
2022-05-02 12:23:10,
2022-05-02 12:23:20,
2022-05-02 12:23:30,
2022-05-02 12:23:40,
2022-05-02 12:23:50,
2022-05-02 12:24:00,0.28372500804066586
2022-05-02 12:24:10,0.28299535617684346
2022-05-02 12:24:20,0.26886055887605825
2022-05-02 12:24:30,0.27703644175380276
2022-05-02 12:24:40,0.21415860159355837
2022-05-02 12:24:50,0.24118889818468278
2022-05-02 12:25:00,0.22017104707562307
2022-05-02 12:25:10,0.23405927915129382
2022-05-02 12:25:20,0.24488157458551826
2022-05-02 12:25:30,0.1649205925656715
2022-05-02 12:25:40,0.2283853237946164
2022-05-02 12:25:50,0.20903991277988293
2022-05-02 12:26:00,0.17953987564665255
2022-05-02 12:26:10,0.16426683677252196
2022-05-02 12:26:20,0.182718845595647
2022-05-02 12:26:30,0.14401761543760191
2022-05-02 12:26:40,0.15553764765419986
2022-05-02 12:26:50,0.15033773364755418
2022-05-02 12:27:00,0.15411678111659025
2022-05-02 12:27:10,0.16322458899718129
2022-05-02 12:27:20,0.18174854713551794
2022-05-02 12:27:30,0.11132605592649415
2022-05-02 12:27:40,0.16327796829467253
2022-05-02 12:27:50,0.15528096705018327
2022-05-02 12:28:00,0.15810561281786945
2022-05-02 12:28:10,0.16463969201114104
2022-05-02 12:28:20,0.13935704944733385
2022-05-02 12:28:30,0.11213103611666836
2022-05-02 12:28:40,0.13142115981642752
2022-05-02 12:28:50,0.14134383896566544
2022-05-02 12:29:00,0.12568135770320957
2022-05-02 12:29:10,0.06557643577659368
2022-05-02 12:29:20,0.1446910666570376
2022-05-02 12:29:30,0.18098172828970174
2022-05-02 12:29:40,0.07534133659183767
2022-05-02 12:29:50,0.1963501114975088
2022-05-02 12:30:00,0.1493917989124553
2022-05-02 12:30:10,0.14520693210369656
2022-05-02 12:30:20,0.193910823068808
2022-05-02 12:30:30,0.1355757825922908
2022-05-02 12:30:40,0.18570078353123423
2022-05-02 12:30:50,0.18502929054997921
2022-05-02 12:31:00,0.22539131809402577
2022-05-02 12:31:10,0.16742635680750628
2022-05-02 12:31:20,0.15653493197262883
2022-05-02 12:31:30,0.14990309873097105
2022-05-02 12:31:40,0.14882977079265924
2022-05-02 12:31:50,0.1725644242362203
2022-05-02 12:32:00,0.15369227320861478
2022-05-02 12:32:10,0.18794457087355018
2022-05-02 12:32:20,0.20249930205264266
2022-05-02 12:32:30,0.14730246086710497
2022-05-02 12:32:40,0.19312624113453702
2022-05-02 12:32:50,0.2241307149616863
2022-05-02 12:33:00,0.19028184824462518
2022-05-02 12:33:10,0.20475639503692236
2022-05-02 12:33:20,0.2251934907626262
2022-05-02 12:33:30,0.21666537382458714
2022-05-02 12:33:40,0.23569601951008706
2022-05-02 12:33:50,0.21736268572249004
2022-05-02 12:34:00,0.20662885804392858
2022-05-02 12:34:10,0.20909649216316858
2022-05-02 12:34:20,0.21904645153468305
2022-05-02 12:34:30,0.23678092485445856
2022-05-02 12:34:40,0.19926055946695662
2022-05-02 12:34:50,0.15446990974665784
2022-05-02 12:35:00,0.21462278438965626
2022-05-02 12:35:10,0.1976668614801118
2022-05-02 12:35:20,0.23752107476337955
2022-05-02 12:35:30,0.19030871150937037
2022-05-02 12:35:40,0.226970871529938
2022-05-02 12:35:50,0.20292973996273939
2022-05-02 12:36:00,0.2106373555727609
2022-05-02 12:36:10,0.1715391537672338
2022-05-02 12:36:20,0.17559096990409845
2022-05-02 12:36:30,0.20589991952471315
2022-05-02 12:36:40,0.2097476288172073
2022-05-02 12:36:50,0.20204503114274996
2022-05-02 12:37:00,0.28970693644346945
2022-05-02 12:37:10,0.18727575163451507
2022-05-02 12:37:20,0.20904991894452438
2022-05-02 12:37:30,0.2115044626458754
2022-05-02 12:37:40,0.18239759344405496
2022-05-02 12:37:50,0.1799870636806823
2022-05-02 12:38:00,0.20506163071842987
2022-05-02 12:38:10,0.17405248249856878
2022-05-02 12:38:20,0.18203274331648583
2022-05-02 12:38:30,0.13305143359328223
2022-05-02 12:38:40,0.15185179380849756
2022-05-02 12:38:50,0.21364298151278904
2022-05-02 12:39:00,0.17534115033386674
2022-05-02 12:39:10,0.17739906693462795
2022-05-02 12:39:20,0.1550153647799674
2022-05-02 12:39:30,0.24023332761447122
2022-05-02 12:39:40,0.1753817484832281
2022-05-02 12:39:50,0.1737024088195081
2022-05-02 12:40:00,0.18111234618851108
2022-05-02 12:40:10,0.18775289337860024
2022-05-02 12:40:20,0.2007272375269061
2022-05-02 12:40:30,0.2173339343680171
2022-05-02 12:40:40,0.19327354321405327
2022-05-02 12:40:50,0.21134064155850563
2022-05-02 12:41:00,0.22325257436522597
2022-05-02 12:41:10,0.2013686432474636
2022-05-02 12:41:20,0.18768270428164527
2022-05-02 12:41:30,0.18013471331772618
2022-05-02 12:41:40,0.20252071733956636
2022-05-02 12:41:50,0.19785377766951343
2022-05-02 12:42:00,0.19962418255321662
2022-05-02 12:42:10,0.23908456914854048
2022-05-02 12:42:20,0.17480096553939295
2022-05-02 12:42:30,0.1807162975333159
2022-05-02 12:42:40,0.23495666045004493
2022-05-02 12:42:50,0.17169139947494172
2022-05-02 12:43:00,0.17535987595738864
2022-05-02 12:43:10,0.2027805572348068
2022-05-02 12:43:20,0.19194306142427678
2022-05-02 12:43:30,0.21543677175323622
2022-05-02 12:43:40,0.20879355881954878
2022-05-02 12:43:50,0.21097374853521578
2022-05-02 12:44:00,0.17549831291053025
2022-05-02 12:44:10,0.22025744746167522
2022-05-02 12:44:20,
2022-05-02 12:44:30,0.1912780270309651
2022-05-02 12:44:40,0.12601558336306032
2022-05-02 12:44:50,0.2002660809074172
2022-05-02 12:45:00,0.1918843845431679
2022-05-02 12:45:10,0.18439028422101417
2022-05-02 12:45:20,0.15843939781288094
2022-05-02 12:45:30,0.19364878648507738
2022-05-02 12:45:40,0.20812923897107322
2022-05-02 12:45:50,0.23816853769368546
2022-05-02 12:46:00,0.2335948201038285
2022-05-02 12:46:10,0.1817911168900254
2022-05-02 12:46:20,0.20334301042429925
2022-05-02 12:46:30,0.20614175657268297
2022-05-02 12:46:40,0.2384367897651185
2022-05-02 12:46:50,0.19218000015973352
2022-05-02 12:47:00,0.18832710715392725
2022-05-02 12:47:10,0.19567449009819843
2022-05-02 12:47:20,0.20413256365292104
2022-05-02 12:47:30,0.2427380308056288
2022-05-02 12:47:40,0.24201869210327223
2022-05-02 12:47:50,0.2277216181348235
2022-05-02 12:48:00,0.2132042000447034
2022-05-02 12:48:10,0.21380513298965123
2022-05-02 12:48:20,0.2660777788908115
2022-05-02 12:48:30,0.20203402221485503
2022-05-02 12:48:40,0.2133049267825589
2022-05-02 12:48:50,0.20785085026789463
2022-05-02 12:49:00,0.2245494028858654
2022-05-02 12:49:10,0.24066716704088706
2022-05-02 12:49:20,0.20608627765497683
2022-05-02 12:49:30,0.2386528409672104
2022-05-02 12:49:40,0.2525900519729322
2022-05-02 12:49:50,0.20690109062116524
2022-05-02 12:50:00,0.20372705227234214
2022-05-02 12:50:10,0.21654280046461352
2022-05-02 12:50:20,0.2195417742704713
2022-05-02 12:50:30,0.234503303351545
2022-05-02 12:50:40,0.25658129268344504
2022-05-02 12:50:50,0.2239292127188959
2022-05-02 12:51:00,0.2185283124913068
2022-05-02 12:51:10,0.22136155770453175
2022-05-02 12:51:20,0.252185341814477
2022-05-02 12:51:30,0.2819439649774152
2022-05-02 12:51:40,0.25006412306974257
2022-05-02 12:51:50,0.19810202127164994
2022-05-02 12:52:00,0.21142599799828282
2022-05-02 12:52:10,
2022-05-02 12:52:20,
2022-05-02 12:52:30,
2022-05-02 12:52:40,
2022-05-02 12:52:50,
2022-05-02 12:53:00,
2022-05-02 12:53:10,
2022-05-02 12:53:20,
2022-05-02 12:53:30,
2022-05-02 12:53:40,
2022-05-02 12:53:50,
2022-05-02 12:54:00,
2022-05-02 12:54:10,
2022-05-02 12:54:20,
2022-05-02 12:54:30,
2022-05-02 12:54:40,
2022-05-02 12:54:50,
2022-05-02 12:55:00,
2022-05-02 12:55:10,
2022-05-02 12:55:20,
2022-05-02 12:55:30,
2022-05-02 12:55:40,0.36042644887444475
2022-05-02 12:55:50,0.4112750317825987
2022-05-02 12:56:00,0.3453027909804562
2022-05-02 12:56:10,0.33494791496674603
2022-05-02 12:56:20,0.2854466592416162
2022-05-02 12:56:30,0.3075864228424979
2022-05-02 12:56:40,0.33307754723033023
2022-05-02 12:56:50,0.3750456604901023
2022-05-02 12:57:00,0.3115555187801899
2022-05-02 12:57:10,0.3767422171847175
2022-05-02 12:57:20,0.347428592451525
2022-05-02 12:57:30,0.3330404141827358
2022-05-02 12:57:40,0.3579160415510689
2022-05-02 12:57:50,0.3577408953029139
2022-05-02 12:58:00,0.41560751043678684
2022-05-02 12:58:10,0.3671062157856535
2022-05-02 12:58:20,0.3511914893307774
2022-05-02 12:58:30,0.35725333583184415
2022-05-02 12:58:40,0.4424941341223985
2022-05-02 12:58:50,0.3904176686615827
2022-05-02 12:59:00,0.3823121397299056
2022-05-02 12:59:10,0.3136193732516078
2022-05-02 12:59:20,0.3362502674431597
2022-05-02 12:59:30,0.32856504037683915
2022-05-02 12:59:40,0.32773439221461315
2022-05-02 12:59:50,0.33869637030719507
2022-05-02 13:00:00,0.4766537576827701
2022-05-02 13:00:10,0.5150704719787352
2022-05-02 13:00:20,0.6168039244900817
2022-05-02 13:00:30,0.6538094520097851
2022-05-02 13:00:40,0.4290875393187854
2022-05-02 13:00:50,0.4285835461055934
2022-05-02 13:01:00,0.5651792178626616
2022-05-02 13:01:10,0.409617388756953
2022-05-02 13:01:20,0.31677625492758354
2022-05-02 13:01:30,0.33061643524324
2022-05-02 13:01:40,0.35830930723790055
2022-05-02 13:01:50,0.3581053641146063
2022-05-02 13:02:00,0.3473401282451763
2022-05-02 13:02:10,0.36447260553945016
2022-05-02 13:02:20,0.2917531520185323
2022-05-02 13:02:30,0.3660631930518283
2022-05-02 13:02:40,0.38234993719412236
2022-05-02 13:02:50,0.3158345890085301
2022-05-02 13:03:00,0.3117493349221076
2022-05-02 13:03:10,0.3483504331575349
2022-05-02 13:03:20,0.3792228219841364
2022-05-02 13:03:30,0.3651022165011632
2022-05-02 13:03:40,0.28387079942136934
2022-05-02 13:03:50,0.3916926881723779
2022-05-02 13:04:00,0.4064077776368118
2022-05-02 13:04:10,0.35617819294620906
2022-05-02 13:04:20,0.3641313029429222
2022-05-02 13:04:30,0.3118035085216518
2022-05-02 13:04:40,0.2860522491486629
2022-05-02 13:04:50,0.31106157722536215
2022-05-02 13:05:00,0.3404241933574619
2022-05-02 13:05:10,0.34406646711229044
2022-05-02 13:05:20,0.26877266567367253
2022-05-02 13:05:30,0.28705620283824024
2022-05-02 13:05:40,0.30841603157415376
2022-05-02 13:05:50,0.26374086358258625
2022-05-02 13:06:00,0.2924254677632168
2022-05-02 13:06:10,0.3676641086869184
2022-05-02 13:06:20,0.3867187217335839
2022-05-02 13:06:30,0.46367339105069827
2022-05-02 13:06:40,0.4013795923782624
2022-05-02 13:06:50,0.34564287488161616
2022-05-02 13:07:00,0.4306933553268397
2022-05-02 13:07:10,0.5730560798558353
2022-05-02 13:07:20,0.5819421853611675
2022-05-02 13:07:30,0.5950237453372663
2022-05-02 13:07:40,0.4331404249261219
2022-05-02 13:07:50,0.32282123854348926
2022-05-02 13:08:00,0.34508935105203087
2022-05-02 13:08:10,0.36629096858669113
2022-05-02 13:08:20,0.29179977506205895
2022-05-02 13:08:30,0.26198300412190323
2022-05-02 13:08:40,0.25250930887503115
2022-05-02 13:08:50,0.2740668922968788
2022-05-02 13:09:00,0.28621371653657485
2022-05-02 13:09:10,0.24948647922091055
2022-05-02 13:09:20,0.19179643575537345
2022-05-02 13:09:30,0.23388186513464695
2022-05-02 13:09:40,0.20718655077012066
2022-05-02 13:09:50,0.2836360276987563
2022-05-02 13:10:00,0.2388395101543717
2022-05-02 13:10:10,0.20931232511337963
2022-05-02 13:10:20,0.26667291491936423
2022-05-02 13:10:30,0.25970659648449557
2022-05-02 13:10:40,0.25854100493238774
2022-05-02 13:10:50,0.23279638500636834
2022-05-02 13:11:00,0.2367158578356845
2022-05-02 13:11:10,0.2535400092189876
2022-05-02 13:11:20,0.25337634155958705
2022-05-02 13:11:30,0.2733075485812583
2022-05-02 13:11:40,0.2884229653331209
2022-05-02 13:11:50,0.2681868070828251
2022-05-02 13:12:00,0.2935111394757387
2022-05-02 13:12:10,0.294995142451757
2022-05-02 13:12:20,0.2947925509880521
2022-05-02 13:12:30,0.26972591915080724
2022-05-02 13:12:40,0.22735079889582646
2022-05-02 13:12:50,0.23430052887723146
2022-05-02 13:13:00,0.1944331352910951
2022-05-02 13:13:10,0.17418555273815767
2022-05-02 13:13:20,0.19253241732708823
2022-05-02 13:13:30,0.171239122977319
2022-05-02 13:13:40,0.2960414186592312
2022-05-02 13:13:50,0.268244167079087
2022-05-02 13:14:00,0.22069127156743573
2022-05-02 13:14:10,0.23042564547203576
2022-05-02 13:14:20,0.21283359034827265
2022-05-02 13:14:30,0.19501219196563283
2022-05-02 13:14:40,0.24859363284983324
2022-05-02 13:14:50,0.2649818539692996
2022-05-02 13:15:00,0.31200712495724414
2022-05-02 13:15:10,0.388574865131459
2022-05-02 13:15:20,0.30626011550274834
2022-05-02 13:15:30,0.30162470755271825
2022-05-02 13:15:40,0.32551925589919917
2022-05-02 13:15:50,0.3106717765811109
2022-05-02 13:16:00,0.27886264216435264
2022-05-02 13:16:10,0.21845773134012084
2022-05-02 13:16:20,0.24819910905420386
2022-05-02 13:16:30,0.20297743296612045
2022-05-02 13:16:40,0.2013193133475868
2022-05-02 13:16:50,0.16436072239248634
2022-05-02 13:17:00,0.1814380616813658
2022-05-02 13:17:10,0.14815763666718976
2022-05-02 13:17:20,0.13745283817232348
2022-05-02 13:17:30,0.13912136248335258
2022-05-02 13:17:40,0.12036660374612816
2022-05-02 13:17:50,0.1289133417295973
2022-05-02 13:18:00,0.09959750650544218
2022-05-02 13:18:10,0.049557703485726384
2022-05-02 13:18:20,0.1407279630885143
2022-05-02 13:18:30,0.08765730633699625
2022-05-02 13:18:40,0.11968569473089198
2022-05-02 13:18:50,0.10774841551330422
2022-05-02 13:19:00,0.1548935504443338
2022-05-02 13:19:10,
2022-05-02 13:19:20,
2022-05-02 13:19:30,
2022-05-02 13:19:40,
2022-05-02 13:19:50,
2022-05-02 13:20:00,
2022-05-02 13:20:10,
2022-05-02 13:20:20,
2022-05-02 13:20:30,
2022-05-02 13:20:40,
2022-05-02 13:20:50,
2022-05-02 13:21:00,
2022-05-02 13:21:10,
2022-05-02 13:21:20,
2022-05-02 13:21:30,
2022-05-02 13:21:40,
2022-05-02 13:21:50,
2022-05-02 13:22:00,
2022-05-02 13:22:10,
2022-05-02 13:22:20,0.10166119345725998
2022-05-02 13:22:30,0.1195108159958347
2022-05-02 13:22:40,0.10298687146350748
2022-05-02 13:22:50,0.11542612761829106
2022-05-02 13:23:00,0.1098978135734881
2022-05-02 13:23:10,0.12415986707523259
2022-05-02 13:23:20,0.10907694812032691
2022-05-02 13:23:30,0.11183198668459797
2022-05-02 13:23:40,0.10328495586239841
2022-05-02 13:23:50,0.10803356212610182
2022-05-02 13:24:00,0.12856555243326107
2022-05-02 13:24:10,0.10381984889682812
2022-05-02 13:24:20,0.08841707520050006
2022-05-02 13:24:30,0.08346549530375531
2022-05-02 13:24:40,0.13118097489447617
2022-05-02 13:24:50,0.10176976868021381
2022-05-02 13:25:00,0.12969351672771423
2022-05-02 13:25:10,0.1158662300573417
2022-05-02 13:25:20,0.09389353335612528
2022-05-02 13:25:30,0.11959549678409058
2022-05-02 13:25:40,0.14484502983299286
2022-05-02 13:25:50,0.10352791480123567
2022-05-02 13:26:00,0.1515914718118346
2022-05-02 13:26:10,0.11963395777542093
2022-05-02 13:26:20,0.09199769900231765
2022-05-02 13:26:30,0.11707776891897959
2022-05-02 13:26:40,0.17710718513599097
2022-05-02 13:26:50,0.2898665620991843
2022-05-02 13:27:00,0.407766551768983
2022-05-02 13:27:10,0.31607527250359485
2022-05-02 13:27:20,0.2900751852597721
2022-05-02 13:27:30,0.20899659212023136
2022-05-02 13:27:40,0.23736185529072457
2022-05-02 13:27:50,0.2084171380222308
2022-05-02 13:28:00,0.2175198661086103
2022-05-02 13:28:10,0.24264263754031848
2022-05-02 13:28:20,0.25831188915149417
2022-05-02 13:28:30,0.23537692624563478
2022-05-02 13:28:40,0.25326031906079455
2022-05-02 13:28:50,0.210834305654088
2022-05-02 13:29:00,0.28574286065688187
2022-05-02 13:29:10,0.2800172677839667
2022-05-02 13:29:20,0.2625953469638949
2022-05-02 13:29:30,0.24185671880015747
2022-05-02 13:29:40,0.23686548160604137
2022-05-02 13:29:50,0.24178508595666962
2022-05-02 13:30:00,0.22799077212818744
2022-05-02 13:30:10,
2022-05-02 13:30:20,
2022-05-02 13:30:30,
2022-05-02 13:30:40,
2022-05-02 13:30:50,
2022-05-02 13:31:00,
2022-05-02 13:31:10,
2022-05-02 13:31:20,
2022-05-02 13:31:30,
2022-05-02 13:31:40,
2022-05-02 13:31:50,
2022-05-02 13:32:00,
2022-05-02 13:32:10,
2022-05-02 13:32:20,
2022-05-02 13:32:30,
2022-05-02 13:32:40,
2022-05-02 13:32:50,
2022-05-02 13:33:00,
2022-05-02 13:33:10,0.36907475006645873
2022-05-02 13:33:20,0.3323347515722563
2022-05-02 13:33:30,0.2669081078526173
2022-05-02 13:33:40,0.31000610710603527
2022-05-02 13:33:50,0.27968588964591323
2022-05-02 13:34:00,0.29064376708428735
2022-05-02 13:34:10,0.3363226002949346
2022-05-02 13:34:20,0.2817006353039861
2022-05-02 13:34:30,0.2215469065841306
2022-05-02 13:34:40,0.2627240815343439
2022-05-02 13:34:50,0.2134756172548418
2022-05-02 13:35:00,0.22050226378241938
2022-05-02 13:35:10,0.24743723014499644
2022-05-02 13:35:20,0.1875922482928247
2022-05-02 13:35:30,0.19931651210156498
2022-05-02 13:35:40,0.25325580149070887
2022-05-02 13:35:50,0.30743349621361704
2022-05-02 13:36:00,0.24352815416711893
2022-05-02 13:36:10,0.2514013312400552
2022-05-02 13:36:20,0.33377618716380625
2022-05-02 13:36:30,0.26923778315826014
2022-05-02 13:36:40,0.24922858899645234
2022-05-02 13:36:50,0.24242052206391138
2022-05-02 13:37:00,0.2971571952470546
2022-05-02 13:37:10,0.30171642959368694
2022-05-02 13:37:20,0.20208765738514223
2022-05-02 13:37:30,0.20483729749949936
2022-05-02 13:37:40,0.2358425246600785
2022-05-02 13:37:50,0.1635053525014665
2022-05-02 13:38:00,0.21602224783008553
2022-05-02 13:38:10,0.13623434872794532
2022-05-02 13:38:20,0.2180736191935851
2022-05-02 13:38:30,0.15599311715245937
2022-05-02 13:38:40,0.1617828370649516
2022-05-02 13:38:50,0.2011659972146612
2022-05-02 13:39:00,0.20441325081796427
2022-05-02 13:39:10,0.2168941136630038
2022-05-02 13:39:20,0.24087971451555412
2022-05-02 13:39:30,0.21837685444215754
2022-05-02 13:39:40,0.24426189439726195
2022-05-02 13:39:50,0.2093117558863997
2022-05-02 13:40:00,0.298968803913667
2022-05-02 13:40:10,0.5080719111998621
2022-05-02 13:40:20,0.9245035152028229
2022-05-02 13:40:30,0.9204795122993535
2022-05-02 13:40:40,0.6425244254361228
2022-05-02 13:40:50,0.5977524071894298
2022-05-02 13:41:00,0.529982769710308
2022-05-02 13:41:10,0.4654121392643114
2022-05-02 13:41:20,0.29861577085135266
2022-05-02 13:41:30,0.3826352213523528
2022-05-02 13:41:40,0.3203222474918833
2022-05-02 13:41:50,0.35395428606521134
2022-05-02 13:42:00,0.42332733147552287
2022-05-02 13:42:10,0.42055184709006277
2022-05-02 13:42:20,0.665337482884668
2022-05-02 13:42:30,0.6792211668713167
2022-05-02 13:42:40,0.7594354740476795
2022-05-02 13:42:50,0.7820228310921301
2022-05-02 13:43:00,0.621610770879655
2022-05-02 13:43:10,0.6726806252033833
2022-05-02 13:43:20,0.8920173597048822
2022-05-02 13:43:30,0.7604668252024049
2022-05-02 13:43:40,0.6570514281974655
2022-05-02 13:43:50,0.5405930131509562
2022-05-02 13:44:00,0.4834555703579681
2022-05-02 13:44:10,0.4163719158522575
2022-05-02 13:44:20,0.40082433484131635
2022-05-02 13:44:30,0.3669097190990457
2022-05-02 13:44:40,0.4417438951364857
2022-05-02 13:44:50,0.40412994563216353
2022-05-02 13:45:00,0.3280683117335702
2022-05-02 13:45:10,0.3569534869353752
2022-05-02 13:45:20,0.34834823466001646
2022-05-02 13:45:30,0.29901535288924813
2022-05-02 13:45:40,0.25845021690232395
2022-05-02 13:45:50,0.2526193103289101
2022-05-02 13:46:00,0.26116072359592657
2022-05-02 13:46:10,0.24485837298901686
2022-05-02 13:46:20,0.3097271457607502
2022-05-02 13:46:30,0.2451692254016907
2022-05-02 13:46:40,0.2528751766210049
2022-05-02 13:46:50,
2022-05-02 13:47:00,
2022-05-02 13:47:10,
2022-05-02 13:47:20,
2022-05-02 13:47:30,
2022-05-02 13:47:40,
2022-05-02 13:47:50,
2022-05-02 13:48:00,
2022-05-02 13:48:10,
2022-05-02 13:48:20,
2022-05-02 13:48:30,
2022-05-02 13:48:40,
2022-05-02 13:48:50,
2022-05-02 13:49:00,
2022-05-02 13:49:10,
2022-05-02 13:49:20,
2022-05-02 13:49:30,
2022-05-02 13:49:40,
2022-05-02 13:49:50,0.2080325630586545
2022-05-02 13:50:00,0.22486028303451977
2022-05-02 13:50:10,0.2396361897434426
2022-05-02 13:50:20,0.2715067611142222
2022-05-02 13:50:30,0.4402063963077874
2022-05-02 13:50:40,0.6224421287491207
2022-05-02 13:50:50,0.6801853030865265
2022-05-02 13:51:00,0.5600740397942874
2022-05-02 13:51:10,0.7235891953338968
2022-05-02 13:51:20,0.6162563636741862
2022-05-02 13:51:30,0.33657043481341836
2022-05-02 13:51:40,0.3483555467587673
2022-05-02 13:51:50,0.29972535628265573
2022-05-02 13:52:00,0.2780228245289912
2022-05-02 13:52:10,0.22305663061920813
2022-05-02 13:52:20,0.2558814997909328
2022-05-02 13:52:30,0.23221845510980768
2022-05-02 13:52:40,0.22749621454975524
2022-05-02 13:52:50,0.25177157468070355
2022-05-02 13:53:00,0.2561666434619947
2022-05-02 13:53:10,0.21744733654033468
2022-05-02 13:53:20,0.2684793199980533
2022-05-02 13:53:30,0.38945210115585466
2022-05-02 13:53:40,0.5066435334389195
2022-05-02 13:53:50,0.32449906606313184
2022-05-02 13:54:00,0.24104499390473788
2022-05-02 13:54:10,0.15209109601252607
2022-05-02 13:54:20,0.1548296965249181
2022-05-02 13:54:30,0.18012593562964002
2022-05-02 13:54:40,0.16726785995304247
2022-05-02 13:54:50,0.17660735232916155
2022-05-02 13:55:00,0.17673483510130075
2022-05-02 13:55:10,0.230825432140437
2022-05-02 13:55:20,0.19837101860849934
2022-05-02 13:55:30,0.14154428378585787
2022-05-02 13:55:40,0.2140322945846033
2022-05-02 13:55:50,0.15156703264244123
2022-05-02 13:56:00,0.17136661523876726
2022-05-02 13:56:10,0.20051509676060777
2022-05-02 13:56:20,0.1828857958711735
2022-05-02 13:56:30,0.22292805279695588
2022-05-02 13:56:40,0.2190641932403546
2022-05-02 13:56:50,0.186286880776847
2022-05-02 13:57:00,0.1582806285548367
2022-05-02 13:57:10,0.1559774925529166
2022-05-02 13:57:20,0.17500487430847372
2022-05-02 13:57:30,0.16859098993155044
2022-05-02 13:57:40,0.19030366501748414
2022-05-02 13:57:50,0.17027842277100333
2022-05-02 13:58:00,0.18443838096788615
2022-05-02 13:58:10,0.18682879747035033
2022-05-02 13:58:20,0.2081066137495873
2022-05-02 13:58:30,0.15223649920409574
2022-05-02 13:58:40,0.15788237663983248
2022-05-02 13:58:50,0.21561193182085794
2022-05-02 13:59:00,0.1645368182940051
2022-05-02 13:59:10,0.20640938731799874
2022-05-02 13:59:20,0.2436583902874618
2022-05-02 13:59:30,0.35370741672535566
2022-05-02 13:59:40,0.38200184389489517
2022-05-02 13:59:50,1.0993466021862242
2022-05-02 14:00:00,0.6356310824890161
2022-05-02 14:00:10,0.11634819521914723
2022-05-02 14:00:20,0.11499110128388997
2022-05-02 14:00:30,0.1930582209801407
2022-05-02 14:00:40,0.09806506998621504
2022-05-02 14:00:50,0.10902816944538704
2022-05-02 14:01:00,0.15387337482803654
2022-05-02 14:01:10,0.1416594598770209
2022-05-02 14:01:20,0.19619321026232556
2022-05-02 14:01:30,0.11967330706487589
2022-05-02 14:01:40,0.20786749591354858
2022-05-02 14:01:50,0.18679077566140254
2022-05-02 14:02:00,0.14757297024878305
2022-05-02 14:02:10,0.1553356122026557
2022-05-02 14:02:20,0.1483682612821074
2022-05-02 14:02:30,0.13723026146136275
2022-05-02 14:02:40,0.12969090326226884
2022-05-02 14:02:50,0.10180170835407264
2022-05-02 14:03:00,0.08895478024590751
2022-05-02 14:03:10,0.12938058666058797
2022-05-02 14:03:20,0.13938586887241272
2022-05-02 14:03:30,0.988943891062678
2022-05-02 14:03:40,1.5728808678992254
2022-05-02 14:03:50,0.6508873585379675
2022-05-02 14:04:00,0.2705537789183103
2022-05-02 14:04:10,0.38106909414099527
2022-05-02 14:04:20,0.3692971716671303
2022-05-02 14:04:30,
2022-05-02 14:04:40,
2022-05-02 14:04:50,
2022-05-02 14:05:00,
2022-05-02 14:05:10,
2022-05-02 14:05:20,
2022-05-02 14:05:30,
2022-05-02 14:05:40,
2022-05-02 14:05:50,
2022-05-02 14:06:00,
2022-05-02 14:06:10,
2022-05-02 14:06:20,
2022-05-02 14:06:30,
2022-05-02 14:06:40,
2022-05-02 14:06:50,
2022-05-02 14:07:00,
2022-05-02 14:07:10,
2022-05-02 14:07:20,
2022-05-02 14:07:30,
2022-05-02 14:07:40,0.13407186426635004
2022-05-02 14:07:50,0.12389701251151317
2022-05-02 14:08:00,0.08608910651937196
2022-05-02 14:08:10,0.09285967674511564
2022-05-02 14:08:20,0.11228165829267674
2022-05-02 14:08:30,0.10946956531937177
2022-05-02 14:08:40,0.09220605170106162
2022-05-02 14:08:50,0.08931865979332324
2022-05-02 14:09:00,0.07193256270973893
2022-05-02 14:09:10,0.05927276117133812
2022-05-02 14:09:20,0.08763662174550467
2022-05-02 14:09:30,0.0753145427492033
2022-05-02 14:09:40,0.12279512615315291
2022-05-02 14:09:50,0.05993547444766349
2022-05-02 14:10:00,0.07637704511732112
2022-05-02 14:10:10,0.07910821715747751
2022-05-02 14:10:20,0.039405754073507895
2022-05-02 14:10:30,0.0792399917659362
2022-05-02 14:10:40,0.05753250938321463
2022-05-02 14:10:50,0.05478391548558216
2022-05-02 14:11:00,0.06914188606735633
2022-05-02 14:11:10,0.08597271661399748
2022-05-02 14:11:20,0.09361065459199218
2022-05-02 14:11:30,0.1247396200780827
2022-05-02 14:11:40,0.07212908275668717
2022-05-02 14:11:50,0.04082467883346722
2022-05-02 14:12:00,0.09305988241122268
2022-05-02 14:12:10,0.08659018146854666
2022-05-02 14:12:20,0.06078591488362085
2022-05-02 14:12:30,0.10547008528253576
2022-05-02 14:12:40,0.06586055679315737
2022-05-02 14:12:50,0.12833842688375763
2022-05-02 14:13:00,0.04989303710767635
2022-05-02 14:13:10,0.08137654487747614
2022-05-02 14:13:20,0.11142475919272073
2022-05-02 14:13:30,0.10014244881897891
2022-05-02 14:13:40,0.03950129796968182
2022-05-02 14:13:50,0.11517863170606635
2022-05-02 14:14:00,0.04208067911732373
2022-05-02 14:14:10,0.08253824569349302
2022-05-02 14:14:20,0.07399881013560497
2022-05-02 14:14:30,0.1318813692728871
2022-05-02 14:14:40,0.10448266464373386
2022-05-02 14:14:50,0.11523625841847761
2022-05-02 14:15:00,0.039390558492059816
2022-05-02 14:15:10,0.06835206395817477
2022-05-02 14:15:20,0.10306291147454978
2022-05-02 14:15:30,0.17073067838584197
2022-05-02 14:15:40,0.1773441758956182
2022-05-02 14:15:50,0.1479244237870404
2022-05-02 14:16:00,0.1508014419119902
2022-05-02 14:16:10,0.17218499898615
2022-05-02 14:16:20,0.23014365410918028
2022-05-02 14:16:30,0.22428940985133372
2022-05-02 14:16:40,0.1945261418809178
2022-05-02 14:16:50,0.13039571475708217
2022-05-02 14:17:00,0.18363272391433075
2022-05-02 14:17:10,0.15567049697234348
2022-05-02 14:17:20,0.2250924905343601
2022-05-02 14:17:30,0.1961309567996344
2022-05-02 14:17:40,0.2830310399191697
2022-05-02 14:17:50,0.311876537283445
2022-05-02 14:18:00,0.297016107710346
2022-05-02 14:18:10,0.2501669994067986
2022-05-02 14:18:20,0.15135147478761515
2022-05-02 14:18:30,0.12145192922059003
2022-05-02 14:18:40,0.11325118776485381
2022-05-02 14:18:50,0.10845547017251363
2022-05-02 14:19:00,0.10542076047506241
2022-05-02 14:19:10,0.13240911071900258
2022-05-02 14:19:20,0.12036807449467048
2022-05-02 14:19:30,0.12828403810448893
2022-05-02 14:19:40,0.07932792680769668
2022-05-02 14:19:50,0.08208896895812128
2022-05-02 14:20:00,
2022-05-02 14:20:10,
2022-05-02 14:20:20,
2022-05-02 14:20:30,
2022-05-02 14:20:40,
2022-05-02 14:20:50,
2022-05-02 14:21:00,
2022-05-02 14:21:10,
2022-05-02 14:21:20,
2022-05-02 14:21:30,
2022-05-02 14:21:40,
2022-05-02 14:21:50,
2022-05-02 14:22:00,
2022-05-02 14:22:10,
2022-05-02 14:22:20,
2022-05-02 14:22:30,
2022-05-02 14:22:40,
2022-05-02 14:22:50,
2022-05-02 14:23:00,0.22870588923053833
2022-05-02 14:23:10,0.18098153614631646
2022-05-02 14:23:20,0.19119230567871387
2022-05-02 14:23:30,0.19417485140493862
2022-05-02 14:23:40,0.14319417327419762
2022-05-02 14:23:50,0.14645183032465706
2022-05-02 14:24:00,0.14235036179393895
2022-05-02 14:24:10,0.12015688101344528
2022-05-02 14:24:20,0.09752176412471435
2022-05-02 14:24:30,0.12773556869421243
2022-05-02 14:24:40,0.16007102527123018
2022-05-02 14:24:50,0.1900582332975475
2022-05-02 14:25:00,0.17990101632229133
2022-05-02 14:25:10,0.1778264829153577
2022-05-02 14:25:20,0.1825886479272408
2022-05-02 14:25:30,0.10205795717035204
2022-05-02 14:25:40,0.15050407540256525
2022-05-02 14:25:50,0.14861389986849935
2022-05-02 14:26:00,0.1432185841475293
2022-05-02 14:26:10,0.1264318630726231
2022-05-02 14:26:20,0.11665691141176544
2022-05-02 14:26:30,0.1366034289250806
2022-05-02 14:26:40,0.11892514470357529
2022-05-02 14:26:50,0.12663263054845594
2022-05-02 14:27:00,0.1714222806138279
2022-05-02 14:27:10,0.06960493110148577
2022-05-02 14:27:20,0.1331409792128071
2022-05-02 14:27:30,0.11196913628306811
2022-05-02 14:27:40,0.12272133075635344
2022-05-02 14:27:50,0.14084233029178136
2022-05-02 14:28:00,0.14018444232148153
2022-05-02 14:28:10,0.10939498874461256
2022-05-02 14:28:20,0.10906748153244045
2022-05-02 14:28:30,0.11723274141959043
2022-05-02 14:28:40,0.1344970527879389
2022-05-02 14:28:50,0.16504757679330845
2022-05-02 14:29:00,0.1670831445925928
2022-05-02 14:29:10,0.16854910464103207
2022-05-02 14:29:20,0.17778281154143766
2022-05-02 14:29:30,0.1326773280978874
2022-05-02 14:29:40,0.1354220550697624
2022-05-02 14:29:50,0.13634036120754758
2022-05-02 14:30:00,0.11786254485291807
2022-05-02 14:30:10,0.12343510163900255
2022-05-02 14:30:20,0.1423359035788685
2022-05-02 14:30:30,0.12517859206972262
2022-05-02 14:30:40,0.1321014929931031
2022-05-02 14:30:50,0.11937671995071358
2022-05-02 14:31:00,0.10894445997812247
2022-05-02 14:31:10,0.11885508571193412
2022-05-02 14:31:20,0.16164511566500617
2022-05-02 14:31:30,0.11344288198203577
2022-05-02 14:31:40,0.15386191243509734
2022-05-02 14:31:50,0.19570378375327727
2022-05-02 14:32:00,0.21307159071662857
2022-05-02 14:32:10,0.15749011051363124
2022-05-02 14:32:20,0.2563850376332597
2022-05-02 14:32:30,0.19113881288211107
2022-05-02 14:32:40,0.21841378193577896
2022-05-02 14:32:50,0.1725327979866176
2022-05-02 14:33:00,0.1448527644748054
2022-05-02 14:33:10,0.17849144354670782
2022-05-02 14:33:20,0.22085200038858976
2022-05-02 14:33:30,0.19151385045637273
2022-05-02 14:33:40,0.2336285025973063
2022-05-02 14:33:50,0.3129491441379975
2022-05-02 14:34:00,0.3304004595912262
2022-05-02 14:34:10,
2022-05-02 14:34:20,
2022-05-02 14:34:30,
2022-05-02 14:34:40,
2022-05-02 14:34:50,
2022-05-02 14:35:00,
2022-05-02 14:35:10,
2022-05-02 14:35:20,
2022-05-02 14:35:30,
2022-05-02 14:35:40,
2022-05-02 14:35:50,
2022-05-02 14:36:00,
2022-05-02 14:36:10,
2022-05-02 14:36:20,
2022-05-02 14:36:30,
2022-05-02 14:36:40,
2022-05-02 14:36:50,
2022-05-02 14:37:00,
2022-05-02 14:37:10,0.32143915761985087
2022-05-02 14:37:20,0.25578508879212697
2022-05-02 14:37:30,0.19041332999451246
2022-05-02 14:37:40,0.20578544032805218
2022-05-02 14:37:50,0.22936801332609844
2022-05-02 14:38:00,0.23561843368659344
2022-05-02 14:38:10,0.2409673423387274
2022-05-02 14:38:20,0.18933202696931709
2022-05-02 14:38:30,0.25091045580837495
2022-05-02 14:38:40,0.18426772648004874
2022-05-02 14:38:50,0.16989578747774162
2022-05-02 14:39:00,0.16215864816681555
2022-05-02 14:39:10,0.11351929056608545
2022-05-02 14:39:20,0.16140426387008508
2022-05-02 14:39:30,0.15768618723727765
2022-05-02 14:39:40,0.18716416381661916
2022-05-02 14:39:50,0.1869412111517086
2022-05-02 14:40:00,0.21176518535025568
2022-05-02 14:40:10,0.18847412208276848
2022-05-02 14:40:20,0.19798701906314786
2022-05-02 14:40:30,0.22468884951777482
2022-05-02 14:40:40,0.16444407657925658
2022-05-02 14:40:50,0.12222628306570234
2022-05-02 14:41:00,0.14550797719584405
2022-05-02 14:41:10,0.1851211378979839
2022-05-02 14:41:20,0.19374376105625618
2022-05-02 14:41:30,0.22831120326500418
2022-05-02 14:41:40,0.2862898115104041
2022-05-02 14:41:50,0.3005638828893069
2022-05-02 14:42:00,0.32425139749212534
2022-05-02 14:42:10,0.43386570911620986
2022-05-02 14:42:20,0.3805643173828813
2022-05-02 14:42:30,0.4960994131936212
2022-05-02 14:42:40,0.4082845392403626
2022-05-02 14:42:50,0.35930670446981067
2022-05-02 14:43:00,0.26967263655325246
2022-05-02 14:43:10,0.6643977204677814
2022-05-02 14:43:20,0.8209846915570203
2022-05-02 14:43:30,0.45820263237696346
2022-05-02 14:43:40,0.40199305024362775
2022-05-02 14:43:50,0.18193058254421526
2022-05-02 14:44:00,0.14641388922155665
2022-05-02 14:44:10,0.29337400828302335
2022-05-02 14:44:20,0.5636600336071148
2022-05-02 14:44:30,0.7537465139276172
2022-05-02 14:44:40,0.7916710908450323
2022-05-02 14:44:50,0.2758675153588108
2022-05-02 14:45:00,0.23878626329221195
2022-05-02 14:45:10,0.30938488873775216
2022-05-02 14:45:20,0.357360592346606
2022-05-02 14:45:30,0.4010342554219426
2022-05-02 14:45:40,0.37074107949621266
2022-05-02 14:45:50,0.376480645470421
2022-05-02 14:46:00,0.34126253525595723
2022-05-02 14:46:10,0.3850879698631815
2022-05-02 14:46:20,0.47285094622438983
2022-05-02 14:46:30,0.608778274708377
2022-05-02 14:46:40,0.3795052682352478
2022-05-02 14:46:50,0.29261766032669667
2022-05-02 14:47:00,0.2504586970764249
2022-05-02 14:47:10,0.23242862903667713
2022-05-02 14:47:20,0.1843349405309696
2022-05-02 14:47:30,0.18549546114985638
2022-05-02 14:47:40,0.14668145398755492
2022-05-02 14:47:50,0.18096889385392184
2022-05-02 14:48:00,0.17402793197681038
2022-05-02 14:48:10,0.18185821719011602
2022-05-02 14:48:20,0.17319603358579116
2022-05-02 14:48:30,0.17526356880672175
2022-05-02 14:48:40,0.1603817517970404
2022-05-02 14:48:50,0.10415587019899679
2022-05-02 14:49:00,0.153466877889009
2022-05-02 14:49:10,0.07677186478644679
2022-05-02 14:49:20,0.08434462554245517
2022-05-02 14:49:30,0.08869365014064329
2022-05-02 14:49:40,0.07528703404044917
2022-05-02 14:49:50,0.08761161227299301
2022-05-02 14:50:00,0.09587409259964891
2022-05-02 14:50:10,0.10388692726870868
2022-05-02 14:50:20,0.07848613085346898
2022-05-02 14:50:30,0.16316610947323051
2022-05-02 14:50:40,0.17035906555977476
2022-05-02 14:50:50,0.18012786327938074
2022-05-02 14:51:00,0.17742771611588512
2022-05-02 14:51:10,0.18426163499606066
2022-05-02 14:51:20,0.14534204064878145
2022-05-02 14:51:30,0.16661149676390827
2022-05-02 14:51:40,0.11836724207326953
2022-05-02 14:51:50,0.11433972528640572
2022-05-02 14:52:00,0.08948048070657176
2022-05-02 14:52:10,0.13108513077534792
2022-05-02 14:52:20,0.12436178494689772
2022-05-02 14:52:30,0.16888995512608318
2022-05-02 14:52:40,0.1376094197902745
2022-05-02 14:52:50,0.09953277782381223
2022-05-02 14:53:00,0.119076564485627
2022-05-02 14:53:10,0.10670754638043928
2022-05-02 14:53:20,0.09767082988390785
2022-05-02 14:53:30,0.15377440809707973
2022-05-02 14:53:40,0.1257475184042974
2022-05-02 14:53:50,0.1436457346756583
2022-05-02 14:54:00,0.14564006383026945
2022-05-02 14:54:10,0.22014006882414294
2022-05-02 14:54:20,0.18069576699753484
2022-05-02 14:54:30,0.20572187084209015
2022-05-02 14:54:40,0.23777434476952425
2022-05-02 14:54:50,0.2007154163241076
2022-05-02 14:55:00,0.2138991768601073
2022-05-02 14:55:10,0.19021544104607696
2022-05-02 14:55:20,0.17502675460898465
2022-05-02 14:55:30,0.15519228486580916
2022-05-02 14:55:40,0.1547958271430803
2022-05-02 14:55:50,0.14130295901348355
2022-05-02 14:56:00,0.10567712334998865
2022-05-02 14:56:10,0.11086724725335546
2022-05-02 14:56:20,0.13863277067861549
2022-05-02 14:56:30,0.15696580467415686
2022-05-02 14:56:40,0.1086454726457747
2022-05-02 14:56:50,0.18376695520519842
2022-05-02 14:57:00,0.16750063402031862
2022-05-02 14:57:10,0.21406439011073672
2022-05-02 14:57:20,0.20051854450812417
2022-05-02 14:57:30,0.17612907149568993
2022-05-02 14:57:40,0.17308757877869266
2022-05-02 14:57:50,0.21966340511204094
2022-05-02 14:58:00,0.1709807195355713
2022-05-02 14:58:10,0.1301208119524017
2022-05-02 14:58:20,0.09760435703679399
2022-05-02 14:58:30,0.18424337203764513
2022-05-02 14:58:40,0.21070649178152007
2022-05-02 14:58:50,0.23356888009876528
2022-05-02 14:59:00,0.27567426446934196
2022-05-02 14:59:10,0.3022663083194165
2022-05-02 14:59:20,0.5228632313589151
2022-05-02 14:59:30,0.21240077476815322
2022-05-02 14:59:40,0.09317389115043279
2022-05-02 14:59:50,0.22554841059121844
2022-05-02 15:00:00,0.23326732433075206
2022-05-02 15:00:10,0.17735292973446737
2022-05-02 15:00:20,0.30516891380916183
2022-05-02 15:00:30,0.7855778674450569
2022-05-02 15:00:40,0.5074450283825932
2022-05-02 15:00:50,0.3335099015332538
2022-05-02 15:01:00,0.40066008034551515
2022-05-02 15:01:10,0.3772454617065688
2022-05-02 15:01:20,0.37808386935850324
2022-05-02 15:01:30,0.3043587002284138
2022-05-02 15:01:40,0.20565317814167794
2022-05-02 15:01:50,0.20802443933734932
2022-05-02 15:02:00,0.1971332596540632
2022-05-02 15:02:10,0.149188992857756
2022-05-02 15:02:20,0.14355766376467688
2022-05-02 15:02:30,0.1234514063628945
2022-05-02 15:02:40,0.1614430075009003
2022-05-02 15:02:50,0.20463517721059468
2022-05-02 15:03:00,0.2509774165941848
2022-05-02 15:03:10,0.17811619152307956
2022-05-02 15:03:20,0.2357153795229061
2022-05-02 15:03:30,0.18757413721419688
2022-05-02 15:03:40,0.18309418140481276
2022-05-02 15:03:50,0.1328265830872557
2022-05-02 15:04:00,0.18763655591934955
2022-05-02 15:04:10,0.16524932672899273
2022-05-02 15:04:20,0.1388050140883541
2022-05-02 15:04:30,0.12846005777025582
2022-05-02 15:04:40,0.12936912761713107
2022-05-02 15:04:50,0.152409698538212
2022-05-02 15:05:00,0.15661887666546906
2022-05-02 15:05:10,0.22394416996898026
2022-05-02 15:05:20,0.16469860428188196
2022-05-02 15:05:30,0.16908555178366463
2022-05-02 15:05:40,0.21622355825897313
2022-05-02 15:05:50,0.19727033517877962
2022-05-02 15:06:00,0.24082304498930904
2022-05-02 15:06:10,0.19746526059247757
2022-05-02 15:06:20,0.26257373081957375
2022-05-02 15:06:30,0.21831549924207053
2022-05-02 15:06:40,0.2617581963151569
2022-05-02 15:06:50,0.21866726166590264
2022-05-02 15:07:00,0.21028528284749978
2022-05-02 15:07:10,0.18173729244084427
2022-05-02 15:07:20,0.1336560015814374
2022-05-02 15:07:30,0.11309783213809299
2022-05-02 15:07:40,0.10524640789400759
2022-05-02 15:07:50,0.11939405095107443
2022-05-02 15:08:00,0.14695563742616052
2022-05-02 15:08:10,0.14631221448574963
2022-05-02 15:08:20,0.19801479640878475
2022-05-02 15:08:30,0.16814615036880867
2022-05-02 15:08:40,0.2332153744560716
2022-05-02 15:08:50,0.16269560697915295
2022-05-02 15:09:00,0.14126979134780354
2022-05-02 15:09:10,0.17073906925881766
2022-05-02 15:09:20,0.24258039702846648
2022-05-02 15:09:30,0.1793233455612925
2022-05-02 15:09:40,0.2364648371126318
2022-05-02 15:09:50,0.17665890581698843
2022-05-02 15:10:00,0.23399190381556345
2022-05-02 15:10:10,0.11240211355570878
2022-05-02 15:10:20,0.1201814174711677
2022-05-02 15:10:30,0.11667019773317984
2022-05-02 15:10:40,0.1285639321957504
2022-05-02 15:10:50,0.13655469343276486
2022-05-02 15:11:00,0.17550467060677466
2022-05-02 15:11:10,0.16847733624344058
2022-05-02 15:11:20,0.18832953604702474
2022-05-02 15:11:30,0.14415049576788377
2022-05-02 15:11:40,0.23912754030428385
2022-05-02 15:11:50,0.15411857469618265
2022-05-02 15:12:00,0.23039001478240032
2022-05-02 15:12:10,0.27164967285129155
2022-05-02 15:12:20,0.33081255495986367
2022-05-02 15:12:30,0.2256505149995818
2022-05-02 15:12:40,0.2291966877421964
2022-05-02 15:12:50,0.25588308778655927
2022-05-02 15:13:00,0.3249995129217734
2022-05-02 15:13:10,0.8139073190279906
2022-05-02 15:13:20,0.9486222564438962
2022-05-02 15:13:30,1.4898843611045902
2022-05-02 15:13:40,0.9897554044955847
2022-05-02 15:13:50,0.8916849953004123
2022-05-02 15:14:00,0.8653451758186013
2022-05-02 15:14:10,0.8788010375752425
2022-05-02 15:14:20,0.6111884506765852
2022-05-02 15:14:30,0.9275359473202746
2022-05-02 15:14:40,0.630473774260809
2022-05-02 15:14:50,0.637205607686662
2022-05-02 15:15:00,0.6299907091310073
2022-05-02 15:15:10,0.31291117687375963
2022-05-02 15:15:20,0.3640123791828544
2022-05-02 15:15:30,0.4661267615387046
2022-05-02 15:15:40,0.4849082225125668
2022-05-02 15:15:50,0.37714006227136165
2022-05-02 15:16:00,0.5511242924067085
2022-05-02 15:16:10,0.5562389002203296
2022-05-02 15:16:20,0.6132610498006903
2022-05-02 15:16:30,0.22127827836730737
2022-05-02 15:16:40,0.1248496463242566
2022-05-02 15:16:50,0.1225911186782722
2022-05-02 15:17:00,0.7071588046143311
2022-05-02 15:17:10,0.1849201369493635
2022-05-02 15:17:20,0.23843873204613306
2022-05-02 15:17:30,0.20202304913457536
2022-05-02 15:17:40,0.1836710222501571
2022-05-02 15:17:50,2.389803268144804
2022-05-02 15:18:00,16.139333906945886
2022-05-02 15:18:10,20.67898369888288
2022-05-02 15:18:20,11.76951385385985
2022-05-02 15:18:30,5.741988470526516
2022-05-02 15:18:40,9.08506130297386
2022-05-02 15:18:50,2.1437983866045447
2022-05-02 15:19:00,0.2802513919623839
2022-05-02 15:19:10,0.29745013901940826
2022-05-02 15:19:20,0.4532848651448876
2022-05-02 15:19:30,1.1934419812321098
2022-05-02 15:19:40,1.1734490494926448
2022-05-02 15:19:50,2.375240569321538
2022-05-02 15:20:00,1.0243447174374323
2022-05-02 15:20:10,0.2504975147542968
2022-05-02 15:20:20,0.20450586536433435
2022-05-02 15:20:30,0.12117052361773535
2022-05-02 15:20:40,0.14321920910512909
2022-05-02 15:20:50,0.19026295696329434
2022-05-02 15:21:00,1.3727921702369654
2022-05-02 15:21:10,3.3737418067193734
2022-05-02 15:21:20,2.4630740505506648
2022-05-02 15:21:30,0.38943731033023954
2022-05-02 15:21:40,1.3016656033413483
2022-05-02 15:21:50,3.501678067448022
2022-05-02 15:22:00,3.2050068971845276
2022-05-02 15:22:10,4.83217780336499
2022-05-02 15:22:20,2.497807115060922
2022-05-02 15:22:30,10.966716266538556
2022-05-02 15:22:40,5.98732850519757
2022-05-02 15:22:50,5.641150429070743
2022-05-02 15:23:00,12.087117730902168
2022-05-02 15:23:10,7.35424705540667
2022-05-02 15:23:20,13.287549091508199
2022-05-02 15:23:30,13.069710695626197
2022-05-02 15:23:40,0.31978341485091843
2022-05-02 15:23:50,0.2276402115806271
2022-05-02 15:24:00,
2022-05-02 15:24:10,
2022-05-02 15:24:20,
2022-05-02 15:24:30,
2022-05-02 15:24:40,
2022-05-02 15:24:50,
2022-05-02 15:25:00,
2022-05-02 15:25:10,
2022-05-02 15:25:20,
2022-05-02 15:25:30,
2022-05-02 15:25:40,
2022-05-02 15:25:50,
2022-05-02 15:26:00,
2022-05-02 15:26:10,
2022-05-02 15:26:20,
2022-05-02 15:26:30,
2022-05-02 15:26:40,
2022-05-02 15:26:50,
2022-05-02 15:27:00,0.1361934363194412
2022-05-02 15:27:10,0.226290349612858
2022-05-02 15:27:20,
2022-05-02 15:27:30,
2022-05-02 15:27:40,
2022-05-02 15:27:50,
2022-05-02 15:28:00,
2022-05-02 15:28:10,0.27057010193855685
2022-05-02 15:28:20,0.5397526866388059
2022-05-02 15:28:30,0.6960293357470175
2022-05-02 15:28:40,0.4117189263972269
2022-05-02 15:28:50,0.16385093585787003
2022-05-02 15:29:00,0.17695136724807373
2022-05-02 15:29:10,0.156026509034814
2022-05-02 15:29:20,0.1506535603987281
2022-05-02 15:29:30,0.11103175007563054
2022-05-02 15:29:40,0.1630733890072822
2022-05-02 15:29:50,0.16506335262506094
2022-05-02 15:30:00,0.13602625223280673
2022-05-02 15:30:10,0.14295006863328788
2022-05-02 15:30:20,0.24240223009448378
2022-05-02 15:30:30,0.36491472567024147
2022-05-02 15:30:40,1.013596563339846
2022-05-02 15:30:50,1.7577686789512343
2022-05-02 15:31:00,2.041959594102621
2022-05-02 15:31:10,1.2258999807793993
2022-05-02 15:31:20,1.7182950294966595
2022-05-02 15:31:30,2.8422324202986062
2022-05-02 15:31:40,3.4348561547649177
2022-05-02 15:31:50,0.7840644915228637
2022-05-02 15:32:00,0.1545317260961116
2022-05-02 15:32:10,0.20955694090301447
2022-05-02 15:32:20,0.12342661334086719
2022-05-02 15:32:30,0.19192880635969745
2022-05-02 15:32:40,0.1811271676623662
2022-05-02 15:32:50,0.0845258839912225
2022-05-02 15:33:00,0.11322806876322959
2022-05-02 15:33:10,0.08725909667476288
2022-05-02 15:33:20,0.0934002632373665
2022-05-02 15:33:30,0.14227851688950424
2022-05-02 15:33:40,0.11123528483400133
2022-05-02 15:33:50,0.12184383846490715
2022-05-02 15:34:00,0.08686189818047517
2022-05-02 15:34:10,0.0749195591291965
2022-05-02 15:34:20,0.14385232920964877
2022-05-02 15:34:30,0.1841392438466396
2022-05-02 15:34:40,0.2737702367235779
2022-05-02 15:34:50,0.35898916177112794
2022-05-02 15:35:00,0.2597555284406165
2022-05-02 15:35:10,0.13449164023769483
2022-05-02 15:35:20,0.15242544098070065
2022-05-02 15:35:30,0.10171019958029312
2022-05-02 15:35:40,0.2731020996120381
2022-05-02 15:35:50,0.4591569799344569
2022-05-02 15:36:00,0.26314435437325157
2022-05-02 15:36:10,0.1513488613654643
2022-05-02 15:36:20,0.11562458939306851
2022-05-02 15:36:30,0.18011131955965054
2022-05-02 15:36:40,0.07125866922443025
2022-05-02 15:36:50,0.10364553721709098
2022-05-02 15:37:00,0.06722312554159121
2022-05-02 15:37:10,0.0678744735369706
2022-05-02 15:37:20,0.11870491580167815
2022-05-02 15:37:30,0.10439757253459972
2022-05-02 15:37:40,0.0497537621089437
2022-05-02 15:37:50,0.09314404979786094
2022-05-02 15:38:00,0.1559047989170492
2022-05-02 15:38:10,0.09098854104487909
2022-05-02 15:38:20,0.07203310690631799
2022-05-02 15:38:30,0.025188890320142324
2022-05-02 15:38:40,0.043858485927423245
2022-05-02 15:38:50,0.01729104302115704
2022-05-02 15:39:00,0.008125669811630907
2022-05-02 15:39:10,0.060998695334812385
2022-05-02 15:39:20,0.08639068839997793
2022-05-02 15:39:30,0.0689966548843129
2022-05-02 15:39:40,0.0405181279122053
2022-05-02 15:39:50,0.08657961055125626
2022-05-02 15:40:00,0.048974793688208826
2022-05-02 15:40:10,0.0017125206342286133
2022-05-02 15:40:20,0.049737543979701905
2022-05-02 15:40:30,-0.0023352821947096596
2022-05-02 15:40:40,0.0036244322667661256
2022-05-02 15:40:50,0.05170099749987647
2022-05-02 15:41:00,0.07577901264139751
2022-05-02 15:41:10,0.013323801941735667
2022-05-02 15:41:20,0.03751752197617988
2022-05-02 15:41:30,0.061991570999715556
2022-05-02 15:41:40,0.0450750438759872
2022-05-02 15:41:50,0.061917256866718305
2022-05-02 15:42:00,0.005961260963447204
2022-05-02 15:42:10,-0.004432440084735572
2022-05-02 15:42:20,0.02702479831155694
2022-05-02 15:42:30,0.034790321530252605
2022-05-02 15:42:40,0.0005157577191384023
2022-05-02 15:42:50,0.025416602064078204
2022-05-02 15:43:00,0.06614489512252318
2022-05-02 15:43:10,0.02041658642387927
2022-05-02 15:43:20,0.020818474825814896
2022-05-02 15:43:30,-0.011323926758074197
2022-05-02 15:43:40,0.0333560784690815
2022-05-02 15:43:50,0.009411423629860747
2022-05-02 15:44:00,0.023899723686152678
2022-05-02 15:44:10,0.05838701367886563
2022-05-02 15:44:20,0.00927944166554276
2022-05-02 15:44:30,0.018680198003592403
2022-05-02 15:44:40,0.027129503916211547
2022-05-02 15:44:50,0.017991356134254278
2022-05-02 15:45:00,0.0389131999843333
2022-05-02 15:45:10,0.017827745702534703
2022-05-02 15:45:20,0.03204303721052092
2022-05-02 15:45:30,0.02327737360334163
2022-05-02 15:45:40,0.03679887214374617
2022-05-02 15:45:50,0.05308141917161665
2022-05-02 15:46:00,0.044982452095476314
2022-05-02 15:46:10,0.05241885172753225
2022-05-02 15:46:20,0.06678203733463292
2022-05-02 15:46:30,0.0364908905516205
2022-05-02 15:46:40,0.04433007358876392
2022-05-02 15:46:50,
2022-05-02 15:47:00,
2022-05-02 15:47:10,
2022-05-02 15:47:20,
2022-05-02 15:47:30,
2022-05-02 15:47:40,
2022-05-02 15:47:50,
2022-05-02 15:48:00,
2022-05-02 15:48:10,
2022-05-02 15:48:20,
2022-05-02 15:48:30,
2022-05-02 15:48:40,
2022-05-02 15:48:50,
2022-05-02 15:49:00,
2022-05-02 15:49:10,
2022-05-02 15:49:20,
2022-05-02 15:49:30,
2022-05-02 15:49:40,
2022-05-02 15:49:50,0.049282985562589914
2022-05-02 15:50:00,0.06827016625698415
2022-05-02 15:50:10,0.07262208620736116
2022-05-02 15:50:20,
2022-05-02 15:50:30,
2022-05-02 15:50:40,
2022-05-02 15:50:50,
2022-05-02 15:51:00,
2022-05-02 15:51:10,
2022-05-02 15:51:20,
2022-05-02 15:51:30,
2022-05-02 15:51:40,
2022-05-02 15:51:50,
2022-05-02 15:52:00,
2022-05-02 15:52:10,
2022-05-02 15:52:20,
2022-05-02 15:52:30,
2022-05-02 15:52:40,
2022-05-02 15:52:50,
2022-05-02 15:53:00,
2022-05-02 15:53:10,
2022-05-02 15:53:20,
2022-05-02 15:53:30,
2022-05-02 15:53:40,0.11859030644477557
2022-05-02 15:53:50,
2022-05-02 15:54:00,
2022-05-02 15:54:10,
2022-05-02 15:54:20,
2022-05-02 15:54:30,
2022-05-02 15:54:40,
2022-05-02 15:54:50,
2022-05-02 15:55:00,
2022-05-02 15:55:10,
2022-05-02 15:55:20,
2022-05-02 15:55:30,
2022-05-02 15:55:40,
2022-05-02 15:55:50,
2022-05-02 15:56:00,
2022-05-02 15:56:10,
2022-05-02 15:56:20,
2022-05-02 15:56:30,
2022-05-02 15:56:40,
2022-05-02 15:56:50,
2022-05-02 15:57:00,
2022-05-02 15:57:10,
2022-05-02 15:57:20,0.031893310436272075
2022-05-02 15:57:30,0.015199117781882564
2022-05-02 15:57:40,0.00747782614335808
2022-05-02 15:57:50,0.028296203638139797
2022-05-02 15:58:00,0.04356071066113198
2022-05-02 15:58:10,0.020037833003657256
2022-05-02 15:58:20,0.0647945346676198
2022-05-02 15:58:30,0.037105474241368966
2022-05-02 15:58:40,0.05645853525480167
2022-05-02 15:58:50,0.04285066660979914
2022-05-02 15:59:00,0.014120519568601955
2022-05-02 15:59:10,0.06913767326349389
2022-05-02 15:59:20,0.05434536157430519
2022-05-02 15:59:30,0.04083920542364502
2022-05-02 15:59:40,0.0392224516341392
2022-05-02 15:59:50,0.03945319381701209
2022-05-02 16:00:00,0.010787433749103768
2022-05-02 16:00:10,0.018741371137434956
2022-05-02 16:00:20,0.05728617994152769
2022-05-02 16:00:30,0.04737802739092025
2022-05-02 16:00:40,0.000827269530806384
2022-05-02 16:00:50,0.054559117165359466
2022-05-02 16:01:00,0.05668497873200166
2022-05-02 16:01:10,0.01643307312542837
2022-05-02 16:01:20,
2022-05-02 16:01:30,
2022-05-02 16:01:40,
2022-05-02 16:01:50,
2022-05-02 16:02:00,
2022-05-02 16:02:10,
2022-05-02 16:02:20,
2022-05-02 16:02:30,
2022-05-02 16:02:40,
2022-05-02 16:02:50,
2022-05-02 16:03:00,
2022-05-02 16:03:10,
2022-05-02 16:03:20,
2022-05-02 16:03:30,
2022-05-02 16:03:40,
2022-05-02 16:03:50,
2022-05-02 16:04:00,
2022-05-02 16:04:10,
2022-05-02 16:04:20,
2022-05-02 16:04:30,
2022-05-02 16:04:40,
2022-05-02 16:04:50,
2022-05-02 16:05:00,
2022-05-02 16:05:10,
2022-05-02 16:05:20,
2022-05-02 16:05:30,
2022-05-02 16:05:40,
2022-05-02 16:05:50,0.14880331690382786
2022-05-02 16:06:00,0.1085901205041101
2022-05-02 16:06:10,0.05884441207783594
2022-05-02 16:06:20,0.08659396207627426
2022-05-02 16:06:30,0.0750103232420753
2022-05-02 16:06:40,0.08997218591826378
2022-05-02 16:06:50,0.043614176771705766
2022-05-02 16:07:00,0.08483352706375928
2022-05-02 16:07:10,0.06633388820813328
2022-05-02 16:07:20,0.06173044973736204
2022-05-02 16:07:30,0.10356415865478344
2022-05-02 16:07:40,0.07899073291384542
2022-05-02 16:07:50,0.06016265761117687
2022-05-02 16:08:00,0.046212984130366015
2022-05-02 16:08:10,0.08057545890180494
2022-05-02 16:08:20,0.07446837941003678
2022-05-02 16:08:30,0.06527098189353726
2022-05-02 16:08:40,0.0711555667862746
2022-05-02 16:08:50,0.08195545901067701
2022-05-02 16:09:00,0.08894966918554276
2022-05-02 16:09:10,0.04254785575939708
2022-05-02 16:09:20,0.08685024119900307
2022-05-02 16:09:30,0.03919705889076685
2022-05-02 16:09:40,0.028902989688125772
2022-05-02 16:09:50,0.050673067133362434
2022-05-02 16:10:00,0.08801068847745917
2022-05-02 16:10:10,0.05578635463676772
2022-05-02 16:10:20,0.04862307903214969
2022-05-02 16:10:30,0.03969530148337374
2022-05-02 16:10:40,0.02179307815846757
2022-05-02 16:10:50,0.019261661541163277
2022-05-02 16:11:00,
2022-05-02 16:11:10,
2022-05-02 16:11:20,
2022-05-02 16:11:30,
2022-05-02 16:11:40,
2022-05-02 16:11:50,
2022-05-02 16:12:00,
2022-05-02 16:12:10,
2022-05-02 16:12:20,
2022-05-02 16:12:30,
2022-05-02 16:12:40,
2022-05-02 16:12:50,
2022-05-02 16:13:00,
2022-05-02 16:13:10,
2022-05-02 16:13:20,
2022-05-02 16:13:30,
2022-05-02 16:13:40,
2022-05-02 16:13:50,
2022-05-02 16:14:00,
2022-05-02 16:14:10,
2022-05-02 16:14:20,0.1442574034638335
2022-05-02 16:14:30,0.12049676580261813
2022-05-02 16:14:40,0.1123622889974225
2022-05-02 16:14:50,0.08581520810699506
2022-05-02 16:15:00,0.0430742341362604
2022-05-02 16:15:10,0.09228559551739142
2022-05-02 16:15:20,0.07521397553091512
2022-05-02 16:15:30,0.05041256687993664
2022-05-02 16:15:40,0.0820940203135202
2022-05-02 16:15:50,0.07670770161020264
2022-05-02 16:16:00,0.06242487357123573
2022-05-02 16:16:10,0.06710573113087274
2022-05-02 16:16:20,0.03818508191435177
2022-05-02 16:16:30,0.028456132334040297
2022-05-02 16:16:40,0.09203027788047233
2022-05-02 16:16:50,0.044216527265968655
2022-05-02 16:17:00,0.04244453363332218
2022-05-02 16:17:10,0.0638174462091349
2022-05-02 16:17:20,0.05802976566226626
2022-05-02 16:17:30,0.07281432548409451
2022-05-02 16:17:40,0.07929469448061476
2022-05-02 16:17:50,0.0783631361700225
2022-05-02 16:18:00,0.023843275158624583
2022-05-02 16:18:10,0.016517719104009246
2022-05-02 16:18:20,0.1061424175867168
2022-05-02 16:18:30,0.02923739970026322
2022-05-02 16:18:40,0.04472669609247088
2022-05-02 16:18:50,0.10082765771638608
2022-05-02 16:19:00,0.09334438924646267
2022-05-02 16:19:10,0.05214850450915136
2022-05-02 16:19:20,0.0937055307158088
2022-05-02 16:19:30,0.0875356711600974
2022-05-02 16:19:40,0.05149077437935292
2022-05-02 16:19:50,0.11197147613403419
2022-05-02 16:20:00,0.09787588351156291
