Measurements made by the University of York's LIF-SO2 instrument for flight C285	
Mean sensitivity used = 33.9 +/- 1.7 cps/mW/ppt	
Overall uncertainty (including variation in sensitivity) = 10 %	
Pressure = 400 mbar, flow rate = 2 slpm
Before using this data please contact Pete Edwards (pete.edwards@york.ac.uk)
Date_time,SO2_ppt
2022-04-30 12:25:30,140.1340017547794
2022-04-30 12:25:40,115.10559764111194
2022-04-30 12:25:50,118.97810648563949
2022-04-30 12:26:00,73.95622884806012
2022-04-30 12:26:10,123.48326670585018
2022-04-30 12:26:20,133.55742302842512
2022-04-30 12:26:30,152.6765279812924
2022-04-30 12:26:40,154.79429657203983
2022-04-30 12:26:50,207.24422050734876
2022-04-30 12:27:00,154.69891867064132
2022-04-30 12:27:10,238.4516995304582
2022-04-30 12:27:20,196.61804255710595
2022-04-30 12:27:30,177.03669351498354
2022-04-30 12:27:40,194.78700726516882
2022-04-30 12:27:50,240.30790996809642
2022-04-30 12:28:00,226.87575966941378
2022-04-30 12:28:10,200.0794718252941
2022-04-30 12:28:20,183.35734002105633
2022-04-30 12:28:30,204.99755703235454
2022-04-30 12:28:40,244.01809839669585
2022-04-30 12:28:50,236.10896277290232
2022-04-30 12:29:00,253.08252326853255
2022-04-30 12:29:10,216.62691926816922
2022-04-30 12:29:20,198.00792490502056
2022-04-30 12:29:30,206.41789487185687
2022-04-30 12:29:40,
2022-04-30 12:29:50,
2022-04-30 12:30:00,
2022-04-30 12:30:10,
2022-04-30 12:30:20,
2022-04-30 12:30:30,
2022-04-30 12:30:40,
2022-04-30 12:30:50,
2022-04-30 12:31:00,
2022-04-30 12:31:10,
2022-04-30 12:31:20,
2022-04-30 12:31:30,124.5277651596398
2022-04-30 12:31:40,96.2878984534205
2022-04-30 12:31:50,158.74356486493485
2022-04-30 12:32:00,209.63756591479194
2022-04-30 12:32:10,218.51057083864805
2022-04-30 12:32:20,152.4314452228305
2022-04-30 12:32:30,222.44171740699304
2022-04-30 12:32:40,177.85829204826248
2022-04-30 12:32:50,209.92702882631676
2022-04-30 12:33:00,238.6168456400445
2022-04-30 12:33:10,182.8721026968142
2022-04-30 12:33:20,230.88083254073325
2022-04-30 12:33:30,206.71166429353136
2022-04-30 12:33:40,184.797208559765
2022-04-30 12:33:50,257.2516711444672
2022-04-30 12:34:00,218.90110499238662
2022-04-30 12:34:10,199.4370068431893
2022-04-30 12:34:20,245.55092805130374
2022-04-30 12:34:30,230.07983654121625
2022-04-30 12:34:40,204.062087458597
2022-04-30 12:34:50,227.57394751119446
2022-04-30 12:35:00,230.3906084727548
2022-04-30 12:35:10,258.11962551326826
2022-04-30 12:35:20,199.75997016153343
2022-04-30 12:35:30,235.5200945377309
2022-04-30 12:35:40,227.0116541367097
2022-04-30 12:35:50,205.68879081124373
2022-04-30 12:36:00,260.4742949004713
2022-04-30 12:36:10,205.44289851579072
2022-04-30 12:36:20,214.05553348124485
2022-04-30 12:36:30,251.7403059947149
2022-04-30 12:36:40,228.8949186215863
2022-04-30 12:36:50,446.6488017119441
2022-04-30 12:37:00,331.30490383357005
2022-04-30 12:37:10,290.2254377309631
2022-04-30 12:37:20,425.3094347196395
2022-04-30 12:37:30,461.9088666344923
2022-04-30 12:37:40,555.5053609447157
2022-04-30 12:37:50,1824.4940797926301
2022-04-30 12:38:00,2623.3444663842965
2022-04-30 12:38:10,1300.180853306844
2022-04-30 12:38:20,1158.693368895294
2022-04-30 12:38:30,1158.7550266218004
2022-04-30 12:38:40,1209.130677093994
2022-04-30 12:38:50,1085.716388256651
2022-04-30 12:39:00,204.09404938763734
2022-04-30 12:39:10,268.62974747820823
2022-04-30 12:39:20,239.17567837623653
2022-04-30 12:39:30,260.76672196418286
2022-04-30 12:39:40,266.0807206739041
2022-04-30 12:39:50,158.4007612029525
2022-04-30 12:40:00,161.25457247010866
2022-04-30 12:40:10,
2022-04-30 12:40:20,
2022-04-30 12:40:30,
2022-04-30 12:40:40,
2022-04-30 12:40:50,
2022-04-30 12:41:00,
2022-04-30 12:41:10,
2022-04-30 12:41:20,
2022-04-30 12:41:30,
2022-04-30 12:41:40,
2022-04-30 12:41:50,
2022-04-30 12:42:00,165.29699690350157
2022-04-30 12:42:10,107.27059091546906
2022-04-30 12:42:20,134.5440760923809
2022-04-30 12:42:30,276.3646634777474
2022-04-30 12:42:40,
2022-04-30 12:42:50,
2022-04-30 12:43:00,
2022-04-30 12:43:10,
2022-04-30 12:43:20,
2022-04-30 12:43:30,
2022-04-30 12:43:40,
2022-04-30 12:43:50,
2022-04-30 12:44:00,
2022-04-30 12:44:10,
2022-04-30 12:44:20,
2022-04-30 12:44:30,
2022-04-30 12:44:40,
2022-04-30 12:44:50,
2022-04-30 12:45:00,
2022-04-30 12:45:10,221.21504539871316
2022-04-30 12:45:20,257.5309561793421
2022-04-30 12:45:30,196.8824617148138
2022-04-30 12:45:40,202.44929996802074
2022-04-30 12:45:50,239.778712718506
2022-04-30 12:46:00,194.7893453754915
2022-04-30 12:46:10,249.70606903234628
2022-04-30 12:46:20,288.4240519441157
2022-04-30 12:46:30,214.44880873683948
2022-04-30 12:46:40,228.52176971046717
2022-04-30 12:46:50,241.09205091855554
2022-04-30 12:47:00,246.51824849297793
2022-04-30 12:47:10,199.75016085326774
2022-04-30 12:47:20,186.66494736386275
2022-04-30 12:47:30,247.56932992590566
2022-04-30 12:47:40,266.3254144629108
2022-04-30 12:47:50,211.75244879576675
2022-04-30 12:48:00,265.09259048463923
2022-04-30 12:48:10,215.92672019050514
2022-04-30 12:48:20,226.74070910046223
2022-04-30 12:48:30,216.1708501173195
2022-04-30 12:48:40,228.7699770827057
2022-04-30 12:48:50,201.25436383398278
2022-04-30 12:49:00,232.50464078243493
2022-04-30 12:49:10,213.31331513406724
2022-04-30 12:49:20,264.05783929364935
2022-04-30 12:49:30,282.48643289468373
2022-04-30 12:49:40,357.16035954483857
2022-04-30 12:49:50,297.22871322757373
2022-04-30 12:50:00,403.47662887499996
2022-04-30 12:50:10,566.8615500135763
2022-04-30 12:50:20,296.1037886600654
2022-04-30 12:50:30,1239.5302785877745
2022-04-30 12:50:40,1810.2941955989395
2022-04-30 12:50:50,2533.909977024222
2022-04-30 12:51:00,1241.9781622148805
2022-04-30 12:51:10,690.5825703048187
2022-04-30 12:51:20,3065.696690651338
2022-04-30 12:51:30,1142.4853317169252
2022-04-30 12:51:40,261.8255608423547
2022-04-30 12:51:50,228.91042861804647
2022-04-30 12:52:00,175.06862977370503
2022-04-30 12:52:10,240.2762782515156
2022-04-30 12:52:20,240.57259497722603
2022-04-30 12:52:30,162.87954250232258
2022-04-30 12:52:40,171.83916795519656
2022-04-30 12:52:50,174.90366081287237
2022-04-30 12:53:00,185.94924651964587
2022-04-30 12:53:10,
2022-04-30 12:53:20,
2022-04-30 12:53:30,
2022-04-30 12:53:40,
2022-04-30 12:53:50,
2022-04-30 12:54:00,
2022-04-30 12:54:10,
2022-04-30 12:54:20,
2022-04-30 12:54:30,
2022-04-30 12:54:40,
2022-04-30 12:54:50,
2022-04-30 12:55:00,106.13125132812783
2022-04-30 12:55:10,122.4880685813025
2022-04-30 12:55:20,168.68936549748537
2022-04-30 12:55:30,213.17134040760703
2022-04-30 12:55:40,221.46952290156537
2022-04-30 12:55:50,231.27822204355473
2022-04-30 12:56:00,265.7502569365225
2022-04-30 12:56:10,231.5979176151754
2022-04-30 12:56:20,162.18735933775812
2022-04-30 12:56:30,226.74896385222652
2022-04-30 12:56:40,219.23410969976942
2022-04-30 12:56:50,192.5512029464187
2022-04-30 12:57:00,175.3745316686534
2022-04-30 12:57:10,212.93932016646912
2022-04-30 12:57:20,174.5077424948885
2022-04-30 12:57:30,209.2132032452569
2022-04-30 12:57:40,183.8544199600245
2022-04-30 12:57:50,200.4047449703295
2022-04-30 12:58:00,167.7972312545862
2022-04-30 12:58:10,132.67604726855518
2022-04-30 12:58:20,210.33927169976843
2022-04-30 12:58:30,175.1840082000396
2022-04-30 12:58:40,222.89984015553316
2022-04-30 12:58:50,137.57335230339064
2022-04-30 12:59:00,205.2435246463712
2022-04-30 12:59:10,200.48283801695948
2022-04-30 12:59:20,167.2439064236445
2022-04-30 12:59:30,189.8001295243043
2022-04-30 12:59:40,182.24013236763562
2022-04-30 12:59:50,206.35375325340118
2022-04-30 13:00:00,202.7574351766815
2022-04-30 13:00:10,134.9338675326488
2022-04-30 13:00:20,142.6507096345643
2022-04-30 13:00:30,179.6331832506703
2022-04-30 13:00:40,186.87601961880452
2022-04-30 13:00:50,175.9322847039519
2022-04-30 13:01:00,140.8157046141856
2022-04-30 13:01:10,168.24526053712788
2022-04-30 13:01:20,136.39592901512972
2022-04-30 13:01:30,157.02183896811295
2022-04-30 13:01:40,185.656673932029
2022-04-30 13:01:50,192.99360407311917
2022-04-30 13:02:00,193.8478108362489
2022-04-30 13:02:10,155.17525749723995
2022-04-30 13:02:20,342.1955500957959
2022-04-30 13:02:30,407.76201678974496
2022-04-30 13:02:40,346.3488167879241
2022-04-30 13:02:50,567.601532529777
2022-04-30 13:03:00,575.5189238047768
2022-04-30 13:03:10,2430.177019384826
2022-04-30 13:03:20,2083.8874645615156
2022-04-30 13:03:30,753.0732418278776
2022-04-30 13:03:40,390.4913667879701
2022-04-30 13:03:50,1708.8163436854397
2022-04-30 13:04:00,118.03255243160939
2022-04-30 13:04:10,114.43925207733075
2022-04-30 13:04:20,132.95272194009115
2022-04-30 13:04:30,123.0843630277478
2022-04-30 13:04:40,123.7018058471866
2022-04-30 13:04:50,146.61745285115921
2022-04-30 13:05:00,133.53835191548393
2022-04-30 13:05:10,111.52095700645313
2022-04-30 13:05:20,
2022-04-30 13:05:30,
2022-04-30 13:05:40,
2022-04-30 13:05:50,
2022-04-30 13:06:00,
2022-04-30 13:06:10,
2022-04-30 13:06:20,
2022-04-30 13:06:30,
2022-04-30 13:06:40,
2022-04-30 13:06:50,
2022-04-30 13:07:00,
2022-04-30 13:07:10,105.82375417818625
2022-04-30 13:07:20,98.28701531865401
2022-04-30 13:07:30,171.49825900964245
2022-04-30 13:07:40,212.25187015352714
2022-04-30 13:07:50,
2022-04-30 13:08:00,
2022-04-30 13:08:10,
2022-04-30 13:08:20,
2022-04-30 13:08:30,
2022-04-30 13:08:40,
2022-04-30 13:08:50,
2022-04-30 13:09:00,251.93731270377353
2022-04-30 13:09:10,247.01598972103199
2022-04-30 13:09:20,235.8169843321718
2022-04-30 13:09:30,221.45658002247364
2022-04-30 13:09:40,148.96251507028705
2022-04-30 13:09:50,144.32163239797808
2022-04-30 13:10:00,301.1258040700639
2022-04-30 13:10:10,188.33276238108112
2022-04-30 13:10:20,173.57282650256562
2022-04-30 13:10:30,202.46829820964945
2022-04-30 13:10:40,157.15411396383104
2022-04-30 13:10:50,180.16966613285348
2022-04-30 13:11:00,213.38481665458843
2022-04-30 13:11:10,240.4922457104149
2022-04-30 13:11:20,207.96543649824906
2022-04-30 13:11:30,249.16673157639593
2022-04-30 13:11:40,221.63655248320197
2022-04-30 13:11:50,233.1097353209227
2022-04-30 13:12:00,263.55825677625705
2022-04-30 13:12:10,251.15280807990098
2022-04-30 13:12:20,190.4211098501342
2022-04-30 13:12:30,269.5488534967709
2022-04-30 13:12:40,250.5321492637508
2022-04-30 13:12:50,216.0081644067319
2022-04-30 13:13:00,226.18272207271536
2022-04-30 13:13:10,216.15378629920465
2022-04-30 13:13:20,182.54592748612077
2022-04-30 13:13:30,203.2800291797563
2022-04-30 13:13:40,203.29023675008233
2022-04-30 13:13:50,241.13342367137574
2022-04-30 13:14:00,381.8628405536902
2022-04-30 13:14:10,308.0750719231269
2022-04-30 13:14:20,356.54782085331203
2022-04-30 13:14:30,1065.5139906978304
2022-04-30 13:14:40,618.5674050853797
2022-04-30 13:14:50,463.36184015269237
2022-04-30 13:15:00,515.4163059553808
2022-04-30 13:15:10,3132.19486811075
2022-04-30 13:15:20,4133.343945613102
2022-04-30 13:15:30,3184.4295666543185
2022-04-30 13:15:40,1564.0155523301669
2022-04-30 13:15:50,991.4770431818749
2022-04-30 13:16:00,1585.2442948348846
2022-04-30 13:16:10,206.97800043259696
2022-04-30 13:16:20,186.9535500025987
2022-04-30 13:16:30,151.33851874585028
2022-04-30 13:16:40,194.9441582779009
2022-04-30 13:16:50,149.29455380072343
2022-04-30 13:17:00,145.51424995796324
2022-04-30 13:17:10,140.05841871162772
2022-04-30 13:17:20,118.37747906818417
2022-04-30 13:17:30,
2022-04-30 13:17:40,
2022-04-30 13:17:50,
2022-04-30 13:18:00,
2022-04-30 13:18:10,
2022-04-30 13:18:20,
2022-04-30 13:18:30,
2022-04-30 13:18:40,
2022-04-30 13:18:50,
2022-04-30 13:19:00,
2022-04-30 13:19:10,
2022-04-30 13:19:20,
2022-04-30 13:19:30,
2022-04-30 13:19:40,
2022-04-30 13:19:50,
2022-04-30 13:20:00,195.52351986464635
2022-04-30 13:20:10,163.36441154345277
2022-04-30 13:20:20,176.11139810769453
2022-04-30 13:20:30,205.43158288337278
2022-04-30 13:20:40,187.39298346519683
2022-04-30 13:20:50,119.36152082570082
2022-04-30 13:21:00,181.48066544755196
2022-04-30 13:21:10,204.2939132949305
2022-04-30 13:21:20,127.27974854082642
2022-04-30 13:21:30,232.81194122715561
2022-04-30 13:21:40,1246.4952538783932
2022-04-30 13:21:50,2665.47730123121
2022-04-30 13:22:00,2019.139594755486
2022-04-30 13:22:10,427.60603593604867
2022-04-30 13:22:20,189.31771806237447
2022-04-30 13:22:30,280.7379632725149
2022-04-30 13:22:40,315.9801270626306
2022-04-30 13:22:50,218.55476431570136
2022-04-30 13:23:00,232.29152668321015
2022-04-30 13:23:10,195.7805998486252
2022-04-30 13:23:20,251.4109482777786
2022-04-30 13:23:30,180.74150346861504
2022-04-30 13:23:40,186.70470401577
2022-04-30 13:23:50,203.13905437318044
2022-04-30 13:24:00,208.95369068435554
2022-04-30 13:24:10,209.64015503583923
2022-04-30 13:24:20,216.57256290595774
2022-04-30 13:24:30,214.31052382510262
2022-04-30 13:24:40,173.81990984457022
2022-04-30 13:24:50,220.17773753516926
2022-04-30 13:25:00,218.41266529899085
2022-04-30 13:25:10,209.20703317901422
2022-04-30 13:25:20,230.87745569165224
2022-04-30 13:25:30,166.2001084485866
2022-04-30 13:25:40,141.9352664072452
2022-04-30 13:25:50,238.50627131632456
2022-04-30 13:26:00,572.5445800875257
2022-04-30 13:26:10,544.8165404283907
2022-04-30 13:26:20,651.0499276118686
2022-04-30 13:26:30,486.6410593350714
2022-04-30 13:26:40,1332.0497755416288
2022-04-30 13:26:50,1187.7084438380186
2022-04-30 13:27:00,1039.0210658820097
2022-04-30 13:27:10,1416.6027611551729
2022-04-30 13:27:20,6284.4904727767225
2022-04-30 13:27:30,6559.669426072002
2022-04-30 13:27:40,5843.794318632175
2022-04-30 13:27:50,1807.026009172512
2022-04-30 13:28:00,997.729963495569
2022-04-30 13:28:10,363.3337914737929
2022-04-30 13:28:20,1466.8381701070584
2022-04-30 13:28:30,788.6914497760258
2022-04-30 13:28:40,381.2409742095365
2022-04-30 13:28:50,217.17006407306818
2022-04-30 13:29:00,118.247739586406
2022-04-30 13:29:10,129.0058226412146
2022-04-30 13:29:20,166.88800379786622
2022-04-30 13:29:30,116.27099489248724
2022-04-30 13:29:40,
2022-04-30 13:29:50,
2022-04-30 13:30:00,
2022-04-30 13:30:10,
2022-04-30 13:30:20,
2022-04-30 13:30:30,
2022-04-30 13:30:40,
2022-04-30 13:30:50,
2022-04-30 13:31:00,
2022-04-30 13:31:10,
2022-04-30 13:31:20,
2022-04-30 13:31:30,216.06907887678096
2022-04-30 13:31:40,279.33270472810216
2022-04-30 13:31:50,254.4706375182381
2022-04-30 13:32:00,673.2806983121584
2022-04-30 13:32:10,3593.3991528610813
2022-04-30 13:32:20,799.2926136616369
2022-04-30 13:32:30,1941.5792170168584
2022-04-30 13:32:40,5312.551532440133
2022-04-30 13:32:50,9546.276955798981
2022-04-30 13:33:00,14822.213415884495
2022-04-30 13:33:10,19641.502760818857
2022-04-30 13:33:20,25529.17826845284
2022-04-30 13:33:30,25143.40072063742
2022-04-30 13:33:40,8621.103972650617
2022-04-30 13:33:50,2214.4460544817803
2022-04-30 13:34:00,1488.4631044170692
2022-04-30 13:34:10,1791.835835963901
2022-04-30 13:34:20,2061.071505980732
2022-04-30 13:34:30,1202.406249269769
2022-04-30 13:34:40,1449.8090973731828
2022-04-30 13:34:50,1291.4865907706821
2022-04-30 13:35:00,1281.2182190080014
2022-04-30 13:35:10,566.1704417539346
2022-04-30 13:35:20,248.4799006199885
2022-04-30 13:35:30,176.84952636568983
2022-04-30 13:35:40,136.24788558669928
2022-04-30 13:35:50,132.58855614838512
2022-04-30 13:36:00,141.36023838823454
2022-04-30 13:36:10,151.43412380215423
2022-04-30 13:36:20,198.4502553403442
2022-04-30 13:36:30,173.50087755334636
2022-04-30 13:36:40,184.27907854787713
2022-04-30 13:36:50,171.90417029216778
2022-04-30 13:37:00,148.10660221805298
2022-04-30 13:37:10,181.64938436062232
2022-04-30 13:37:20,167.8779047205191
2022-04-30 13:37:30,207.11636096710126
2022-04-30 13:37:40,190.0344991398858
2022-04-30 13:37:50,195.38240305037849
2022-04-30 13:38:00,205.96731452011053
2022-04-30 13:38:10,238.46266021610364
2022-04-30 13:38:20,591.2464273247911
2022-04-30 13:38:30,639.2918313694342
2022-04-30 13:38:40,642.2606294871913
2022-04-30 13:38:50,867.7862405237366
2022-04-30 13:39:00,485.22442144237533
2022-04-30 13:39:10,444.73592529812726
2022-04-30 13:39:20,891.2409891308271
2022-04-30 13:39:30,1075.3056036595249
2022-04-30 13:39:40,13871.987383366943
2022-04-30 13:39:50,15442.193609631273
2022-04-30 13:40:00,31143.581548295664
2022-04-30 13:40:10,32503.870334244686
2022-04-30 13:40:20,30602.550204746996
2022-04-30 13:40:30,5220.1285844786
2022-04-30 13:40:40,461.03858093752456
2022-04-30 13:40:50,484.5551010369547
2022-04-30 13:41:00,597.3821491970532
2022-04-30 13:41:10,577.9626776396958
2022-04-30 13:41:20,306.0974262733762
2022-04-30 13:41:30,303.3000583640409
2022-04-30 13:41:40,200.98672652369453
2022-04-30 13:41:50,
2022-04-30 13:42:00,
2022-04-30 13:42:10,
2022-04-30 13:42:20,
2022-04-30 13:42:30,
2022-04-30 13:42:40,
2022-04-30 13:42:50,
2022-04-30 13:43:00,
2022-04-30 13:43:10,
2022-04-30 13:43:20,
2022-04-30 13:43:30,
2022-04-30 13:43:40,
2022-04-30 13:43:50,
2022-04-30 13:44:00,
2022-04-30 13:44:10,
2022-04-30 13:44:20,
2022-04-30 13:44:30,215.0850920240068
2022-04-30 13:44:40,229.9746997753019
2022-04-30 13:44:50,238.76107583956306
2022-04-30 13:45:00,244.02146944278337
2022-04-30 13:45:10,173.99554547648353
2022-04-30 13:45:20,
2022-04-30 13:45:30,
2022-04-30 13:45:40,
2022-04-30 13:45:50,
2022-04-30 13:46:00,
2022-04-30 13:46:10,
2022-04-30 13:46:20,
2022-04-30 13:46:30,
2022-04-30 13:46:40,
2022-04-30 13:46:50,
2022-04-30 13:47:00,
2022-04-30 13:47:10,
2022-04-30 13:47:20,
2022-04-30 13:47:30,
2022-04-30 13:47:40,
2022-04-30 13:47:50,193.9320623755158
2022-04-30 13:48:00,240.9104683801992
2022-04-30 13:48:10,168.18130253286571
2022-04-30 13:48:20,189.53815961915123
2022-04-30 13:48:30,180.73002017519178
2022-04-30 13:48:40,
2022-04-30 13:48:50,
2022-04-30 13:49:00,
2022-04-30 13:49:10,
2022-04-30 13:49:20,
2022-04-30 13:49:30,
2022-04-30 13:49:40,
2022-04-30 13:49:50,
2022-04-30 13:50:00,
2022-04-30 13:50:10,
2022-04-30 13:50:20,
2022-04-30 13:50:30,
2022-04-30 13:50:40,
2022-04-30 13:50:50,
2022-04-30 13:51:00,
2022-04-30 13:51:10,228.68516440239654
2022-04-30 13:51:20,231.91331409951397
2022-04-30 13:51:30,244.5561895150592
2022-04-30 13:51:40,231.93114916871087
2022-04-30 13:51:50,222.09258219465843
2022-04-30 13:52:00,210.8716792924927
2022-04-30 13:52:10,233.40533683631932
2022-04-30 13:52:20,262.2999311959369
2022-04-30 13:52:30,243.10831381145613
2022-04-30 13:52:40,189.30120706004263
2022-04-30 13:52:50,215.45103834485653
2022-04-30 13:53:00,175.61552355392269
2022-04-30 13:53:10,224.07476986981325
2022-04-30 13:53:20,215.6429016670268
2022-04-30 13:53:30,251.62455660922512
2022-04-30 13:53:40,256.62116175112976
2022-04-30 13:53:50,282.65173555227943
2022-04-30 13:54:00,237.10725181411775
2022-04-30 13:54:10,211.48024506895234
2022-04-30 13:54:20,265.2629573023506
2022-04-30 13:54:30,249.72457000704577
2022-04-30 13:54:40,235.0323801123945
2022-04-30 13:54:50,238.01474613501662
2022-04-30 13:55:00,256.7583153768947
2022-04-30 13:55:10,217.82180443106532
2022-04-30 13:55:20,296.01219908946746
2022-04-30 13:55:30,325.5107840257825
2022-04-30 13:55:40,518.8744549442811
2022-04-30 13:55:50,528.5472858949742
2022-04-30 13:56:00,346.01401638256715
2022-04-30 13:56:10,212.09551885249368
2022-04-30 13:56:20,230.06301990967512
2022-04-30 13:56:30,303.6705878398808
2022-04-30 13:56:40,273.1670114512723
2022-04-30 13:56:50,282.56005690614455
2022-04-30 13:57:00,412.86785376888326
2022-04-30 13:57:10,339.17633356352707
2022-04-30 13:57:20,258.46578124403516
2022-04-30 13:57:30,284.4302060321405
2022-04-30 13:57:40,390.7106007604089
2022-04-30 13:57:50,293.0821789522459
2022-04-30 13:58:00,230.9099673379133
2022-04-30 13:58:10,215.07320660830857
2022-04-30 13:58:20,252.27032739149658
2022-04-30 13:58:30,252.55418496925907
2022-04-30 13:58:40,272.90319978231224
2022-04-30 13:58:50,331.78834742486134
2022-04-30 13:59:00,346.7050821302474
2022-04-30 13:59:10,376.66162558294565
2022-04-30 13:59:20,352.20722921958094
2022-04-30 13:59:30,342.06433745151116
2022-04-30 13:59:40,324.37952406946437
2022-04-30 13:59:50,306.1445009844284
2022-04-30 14:00:00,312.0542220657595
2022-04-30 14:00:10,317.8126296300389
2022-04-30 14:00:20,291.6422271986173
2022-04-30 14:00:30,309.5055121770593
2022-04-30 14:00:40,263.4497466750428
2022-04-30 14:00:50,388.95374729961344
2022-04-30 14:01:00,519.2630347997233
2022-04-30 14:01:10,675.0563918534644
2022-04-30 14:01:20,431.1353238752044
2022-04-30 14:01:30,346.92602677727155
2022-04-30 14:01:40,281.3648525677138
2022-04-30 14:01:50,286.7340105316435
2022-04-30 14:02:00,278.41705901129683
2022-04-30 14:02:10,269.8638214197703
2022-04-30 14:02:20,229.4389429699785
2022-04-30 14:02:30,228.60338423364286
2022-04-30 14:02:40,258.405141812167
2022-04-30 14:02:50,257.4724926933663
2022-04-30 14:03:00,269.37725760641905
2022-04-30 14:03:10,257.7522153151631
2022-04-30 14:03:20,295.674635048548
2022-04-30 14:03:30,207.09973255642487
2022-04-30 14:03:40,256.12400674844224
2022-04-30 14:03:50,237.6230279354477
2022-04-30 14:04:00,201.44522604352625
2022-04-30 14:04:10,265.094698852335
2022-04-30 14:04:20,311.57984194999096
2022-04-30 14:04:30,408.5930633852334
2022-04-30 14:04:40,424.3046690987704
2022-04-30 14:04:50,351.46074074320296
2022-04-30 14:05:00,359.9347709087946
2022-04-30 14:05:10,268.66167136701415
2022-04-30 14:05:20,249.82619250573916
2022-04-30 14:05:30,224.03752339310992
2022-04-30 14:05:40,219.8766038755227
2022-04-30 14:05:50,241.34980850308042
2022-04-30 14:06:00,214.78583739088208
2022-04-30 14:06:10,179.3369381652953
2022-04-30 14:06:20,186.100144990042
2022-04-30 14:06:30,179.7434738515019
2022-04-30 14:06:40,248.58281200368924
2022-04-30 14:06:50,209.7088667566281
2022-04-30 14:07:00,179.37247030018676
2022-04-30 14:07:10,213.4824899329932
2022-04-30 14:07:20,196.04520224008382
2022-04-30 14:07:30,238.5525194608407
2022-04-30 14:07:40,266.8096477133639
2022-04-30 14:07:50,264.2245914065974
2022-04-30 14:08:00,275.36192195555867
2022-04-30 14:08:10,255.0434057224311
2022-04-30 14:08:20,267.4037781502469
2022-04-30 14:08:30,278.4720461748109
2022-04-30 14:08:40,300.04807902951643
2022-04-30 14:08:50,230.77130604489741
2022-04-30 14:09:00,210.2435243717424
2022-04-30 14:09:10,287.379596265039
2022-04-30 14:09:20,220.9661163381028
2022-04-30 14:09:30,247.17483278241704
2022-04-30 14:09:40,446.1070933099176
2022-04-30 14:09:50,234.6427258511181
2022-04-30 14:10:00,249.4972338928231
2022-04-30 14:10:10,207.78055419350258
2022-04-30 14:10:20,222.5011899529061
2022-04-30 14:10:30,251.86120667408377
2022-04-30 14:10:40,242.71420353072176
2022-04-30 14:10:50,280.66296696698606
2022-04-30 14:11:00,199.90416234099195
2022-04-30 14:11:10,225.51978280367007
2022-04-30 14:11:20,275.0266710015616
2022-04-30 14:11:30,251.42362862837777
2022-04-30 14:11:40,232.5152985737042
2022-04-30 14:11:50,263.86271795871284
2022-04-30 14:12:00,219.6588262525074
2022-04-30 14:12:10,259.76118280675854
2022-04-30 14:12:20,336.2234916356958
2022-04-30 14:12:30,268.2004493153726
2022-04-30 14:12:40,282.1402895924171
2022-04-30 14:12:50,322.80578276795154
2022-04-30 14:13:00,257.2190731115761
2022-04-30 14:13:10,248.89165351333892
2022-04-30 14:13:20,304.4803743855331
2022-04-30 14:13:30,267.54959231071376
2022-04-30 14:13:40,288.26357260455535
2022-04-30 14:13:50,252.5518437067809
2022-04-30 14:14:00,237.1188512757219
2022-04-30 14:14:10,191.1014404133149
2022-04-30 14:14:20,268.82861922705035
2022-04-30 14:14:30,268.5296803096189
2022-04-30 14:14:40,380.30201060085477
2022-04-30 14:14:50,267.33194995019653
2022-04-30 14:15:00,256.35670358490194
2022-04-30 14:15:10,220.40351146013353
2022-04-30 14:15:20,284.1706010780705
2022-04-30 14:15:30,
2022-04-30 14:15:40,
2022-04-30 14:15:50,
2022-04-30 14:16:00,
2022-04-30 14:16:10,
2022-04-30 14:16:20,
2022-04-30 14:16:30,
2022-04-30 14:16:40,
2022-04-30 14:16:50,
2022-04-30 14:17:00,
2022-04-30 14:17:10,
2022-04-30 14:17:20,
2022-04-30 14:17:30,
2022-04-30 14:17:40,
2022-04-30 14:17:50,
2022-04-30 14:18:00,
2022-04-30 14:18:10,221.9547920805382
2022-04-30 14:18:20,252.85727080080076
2022-04-30 14:18:30,
2022-04-30 14:18:40,
2022-04-30 14:18:50,
2022-04-30 14:19:00,
2022-04-30 14:19:10,
2022-04-30 14:19:20,
2022-04-30 14:19:30,
2022-04-30 14:19:40,341.5885118405146
2022-04-30 14:19:50,333.9951151517048
2022-04-30 14:20:00,245.28067966811722
2022-04-30 14:20:10,268.53043067839116
2022-04-30 14:20:20,242.67713722973573
2022-04-30 14:20:30,217.52175391149683
2022-04-30 14:20:40,237.6044913571002
2022-04-30 14:20:50,205.09781606749218
2022-04-30 14:21:00,243.6273697634432
2022-04-30 14:21:10,201.525955628451
2022-04-30 14:21:20,190.54975635331587
2022-04-30 14:21:30,534.2470218767904
2022-04-30 14:21:40,230.25314134587094
2022-04-30 14:21:50,220.66889758575655
2022-04-30 14:22:00,246.19401657793094
2022-04-30 14:22:10,274.8022370131382
2022-04-30 14:22:20,185.082498205878
2022-04-30 14:22:30,270.6377435391139
2022-04-30 14:22:40,273.9900026855778
2022-04-30 14:22:50,
2022-04-30 14:23:00,
2022-04-30 14:23:10,
2022-04-30 14:23:20,
2022-04-30 14:23:30,
2022-04-30 14:23:40,
2022-04-30 14:23:50,
2022-04-30 14:24:00,
2022-04-30 14:24:10,
2022-04-30 14:24:20,
2022-04-30 14:24:30,
2022-04-30 14:24:40,74.69439913215258
2022-04-30 14:24:50,105.28324278268248
2022-04-30 14:25:00,109.81848600834621
2022-04-30 14:25:10,
2022-04-30 14:25:20,
2022-04-30 14:25:30,
2022-04-30 14:25:40,
2022-04-30 14:25:50,
2022-04-30 14:26:00,
2022-04-30 14:26:10,
2022-04-30 14:26:20,
2022-04-30 14:26:30,
2022-04-30 14:26:40,
2022-04-30 14:26:50,
2022-04-30 14:27:00,391.70497780255334
2022-04-30 14:27:10,380.116106108504
2022-04-30 14:27:20,298.43383934093777
2022-04-30 14:27:30,336.6922411934117
2022-04-30 14:27:40,300.78121898715784
2022-04-30 14:27:50,273.7576101401061
2022-04-30 14:28:00,311.2668015742845
2022-04-30 14:28:10,239.15569666447206
2022-04-30 14:28:20,304.4848902214307
2022-04-30 14:28:30,230.27478380660355
2022-04-30 14:28:40,214.39064575039822
2022-04-30 14:28:50,236.23081113921512
2022-04-30 14:29:00,234.61191819322022
2022-04-30 14:29:10,176.8150332119399
2022-04-30 14:29:20,246.3567706501307
2022-04-30 14:29:30,271.15184309994635
2022-04-30 14:29:40,184.88250976966617
2022-04-30 14:29:50,158.24459132961067
2022-04-30 14:30:00,211.2046058923511
2022-04-30 14:30:10,201.486998759087
2022-04-30 14:30:20,181.67807024739574
2022-04-30 14:30:30,221.37453516936952
2022-04-30 14:30:40,172.32199792894227
2022-04-30 14:30:50,245.28020669391913
2022-04-30 14:31:00,169.81636454883767
2022-04-30 14:31:10,39046.7167933569
2022-04-30 14:31:20,576.4666748196478
2022-04-30 14:31:30,257.23492437063504
2022-04-30 14:31:40,286.0504341382364
2022-04-30 14:31:50,313.9776012900718
2022-04-30 14:32:00,262.9400481873397
2022-04-30 14:32:10,297.16821553520225
2022-04-30 14:32:20,251.86831811129767
2022-04-30 14:32:30,277.7037498863743
2022-04-30 14:32:40,256.01845210202066
2022-04-30 14:32:50,261.1688550720602
2022-04-30 14:33:00,297.59471923589956
2022-04-30 14:33:10,277.0844921593666
2022-04-30 14:33:20,234.2915371429778
2022-04-30 14:33:30,232.6972270952629
2022-04-30 14:33:40,270.6664218177877
2022-04-30 14:33:50,266.8615809977885
2022-04-30 14:34:00,239.35817399892017
2022-04-30 14:34:10,241.96126417023478
2022-04-30 14:34:20,252.44320822323
2022-04-30 14:34:30,239.86444904996355
2022-04-30 14:34:40,213.72353105573046
2022-04-30 14:34:50,6997.955484421071
2022-04-30 14:35:00,278.9387948743576
2022-04-30 14:35:10,215.8662776264715
2022-04-30 14:35:20,220.83360054443332
2022-04-30 14:35:30,172.95797174969522
2022-04-30 14:35:40,354.8644044629157
2022-04-30 14:35:50,942.5496543731164
2022-04-30 14:36:00,2438.856326567417
2022-04-30 14:36:10,873.8823121137223
2022-04-30 14:36:20,283.1566521812905
2022-04-30 14:36:30,259.10611254867393
2022-04-30 14:36:40,196.14341925151786
2022-04-30 14:36:50,202.12098409594913
2022-04-30 14:37:00,207.0318758785465
2022-04-30 14:37:10,268.7816938023239
2022-04-30 14:37:20,217.15230183905862
2022-04-30 14:37:30,214.64672923758383
2022-04-30 14:37:40,290.25643066627714
2022-04-30 14:37:50,312.7238175875771
2022-04-30 14:38:00,292.04176711597097
2022-04-30 14:38:10,265.4842932513818
2022-04-30 14:38:20,219.55881361592944
2022-04-30 14:38:30,292.78461498188085
2022-04-30 14:38:40,269.2962901895306
2022-04-30 14:38:50,275.08583548062086
2022-04-30 14:39:00,239.6599845328925
2022-04-30 14:39:10,283.8816677670348
2022-04-30 14:39:20,274.19360180016946
2022-04-30 14:39:30,220.79238940746026
2022-04-30 14:39:40,201.09515739715408
2022-04-30 14:39:50,217.72003371751163
2022-04-30 14:40:00,297.0096771750039
2022-04-30 14:40:10,216.60990599066687
2022-04-30 14:40:20,650.488171499891
2022-04-30 14:40:30,497.71624617777013
2022-04-30 14:40:40,997.0610161709833
2022-04-30 14:40:50,422.6220977616425
2022-04-30 14:41:00,1896.810066118144
2022-04-30 14:41:10,1293.6095496846228
2022-04-30 14:41:20,872.8143103320158
2022-04-30 14:41:30,212.9392857632815
2022-04-30 14:41:40,206.77166515481994
2022-04-30 14:41:50,257.4720952074079
2022-04-30 14:42:00,268.5241416002431
2022-04-30 14:42:10,1063.0078298278643
2022-04-30 14:42:20,4033.9874171220395
2022-04-30 14:42:30,286.93135043427463
2022-04-30 14:42:40,26817.604826985073
2022-04-30 14:42:50,502.99132420550757
2022-04-30 14:43:00,303.74294569127983
2022-04-30 14:43:10,305.1808855768655
2022-04-30 14:43:20,274.34744271073015
2022-04-30 14:43:30,268.747324897556
2022-04-30 14:43:40,248.5620498342453
2022-04-30 14:43:50,274.18399834041304
2022-04-30 14:44:00,240.90274361431992
2022-04-30 14:44:10,257.77731768470153
2022-04-30 14:44:20,214.19938644690723
2022-04-30 14:44:30,237.37378279213664
2022-04-30 14:44:40,284.7756979295766
2022-04-30 14:44:50,234.22124790246744
2022-04-30 14:45:00,227.8080595232759
2022-04-30 14:45:10,255.7333986619017
2022-04-30 14:45:20,249.46259650402826
2022-04-30 14:45:30,252.78058961732023
2022-04-30 14:45:40,248.03473872577
2022-04-30 14:45:50,269.9551678831952
2022-04-30 14:46:00,217.55750668226537
2022-04-30 14:46:10,266.279155812458
2022-04-30 14:46:20,249.46478330440667
2022-04-30 14:46:30,252.51069317737932
2022-04-30 14:46:40,289.22758504487666
2022-04-30 14:46:50,260.3363759620738
2022-04-30 14:47:00,265.22572316296305
2022-04-30 14:47:10,256.94302152993055
2022-04-30 14:47:20,275.97027254575255
2022-04-30 14:47:30,7691.29826296051
2022-04-30 14:47:40,11848.471391907371
2022-04-30 14:47:50,2189.632996647252
2022-04-30 14:48:00,2418.6699061651416
2022-04-30 14:48:10,4228.511103472701
2022-04-30 14:48:20,2262.7917168332756
2022-04-30 14:48:30,1752.1404895878209
2022-04-30 14:48:40,1173.9421861523704
2022-04-30 14:48:50,423.4092871414065
2022-04-30 14:49:00,731.4790027904929
2022-04-30 14:49:10,613.9291344838439
2022-04-30 14:49:20,1163.465777848917
2022-04-30 14:49:30,992.7786744689604
2022-04-30 14:49:40,1307.3637799720395
2022-04-30 14:49:50,583.9562663286316
2022-04-30 14:50:00,591.8705417915437
2022-04-30 14:50:10,460.9478916348583
2022-04-30 14:50:20,346.98306684243204
2022-04-30 14:50:30,237.50553326431614
2022-04-30 14:50:40,236.7607951176111
2022-04-30 14:50:50,200.40247716059181
2022-04-30 14:51:00,196.2235102379656
2022-04-30 14:51:10,196.42950345068172
2022-04-30 14:51:20,203.88514874337213
2022-04-30 14:51:30,
2022-04-30 14:51:40,
2022-04-30 14:51:50,
2022-04-30 14:52:00,
2022-04-30 14:52:10,
2022-04-30 14:52:20,
2022-04-30 14:52:30,
2022-04-30 14:52:40,
2022-04-30 14:52:50,
2022-04-30 14:53:00,
2022-04-30 14:53:10,145.7748739689333
2022-04-30 14:53:20,133.1486485613062
2022-04-30 14:53:30,248.3301055818126
2022-04-30 14:53:40,436.604046302347
2022-04-30 14:53:50,445.1514180272336
2022-04-30 14:54:00,621.7777037797943
2022-04-30 14:54:10,586.6203681702541
2022-04-30 14:54:20,465.4470951544037
2022-04-30 14:54:30,406.815236609384
2022-04-30 14:54:40,734.9701902510209
2022-04-30 14:54:50,608.9093125802049
2022-04-30 14:55:00,530.5504598932017
2022-04-30 14:55:10,478.02242722880425
2022-04-30 14:55:20,442.4643953167839
2022-04-30 14:55:30,456.9720105499722
2022-04-30 14:55:40,478.2353519000412
2022-04-30 14:55:50,474.10519544075464
2022-04-30 14:56:00,514.3203411502432
2022-04-30 14:56:10,568.0467629981376
2022-04-30 14:56:20,382.50380747150666
2022-04-30 14:56:30,486.1111939286361
2022-04-30 14:56:40,508.9533459021029
2022-04-30 14:56:50,509.67044699391556
2022-04-30 14:57:00,463.01051298263127
2022-04-30 14:57:10,478.40700417164925
2022-04-30 14:57:20,438.0546507384016
2022-04-30 14:57:30,506.48273944968156
2022-04-30 14:57:40,538.9695643228795
2022-04-30 14:57:50,458.49590884019534
2022-04-30 14:58:00,457.9487911645905
2022-04-30 14:58:10,442.0605688951328
2022-04-30 14:58:20,323.67766527594694
2022-04-30 14:58:30,66.38104810692823
2022-04-30 14:58:40,99.43716415904005
2022-04-30 14:58:50,68.15334433457873
2022-04-30 14:59:00,25.348529312628155
2022-04-30 14:59:10,50.277202063822
2022-04-30 14:59:20,52.80635400043277
2022-04-30 14:59:30,75.20133309231068
2022-04-30 14:59:40,31.86682060102471
2022-04-30 14:59:50,67.49378165578476
2022-04-30 15:00:00,78.62916063680497
2022-04-30 15:00:10,
2022-04-30 15:00:20,
2022-04-30 15:00:30,
2022-04-30 15:00:40,
2022-04-30 15:00:50,
2022-04-30 15:01:00,
2022-04-30 15:01:10,
2022-04-30 15:01:20,
2022-04-30 15:01:30,
2022-04-30 15:01:40,
2022-04-30 15:01:50,58.733229117191414
2022-04-30 15:02:00,22.387778133151993
2022-04-30 15:02:10,50.018556291680596
2022-04-30 15:02:20,40.75582645353952
2022-04-30 15:02:30,18.71834478593596
2022-04-30 15:02:40,57.99509347971149
2022-04-30 15:02:50,70.7223850619677
2022-04-30 15:03:00,77.91017884603585
2022-04-30 15:03:10,53.07296023250193
2022-04-30 15:03:20,56.88936233912218
2022-04-30 15:03:30,
2022-04-30 15:03:40,
2022-04-30 15:03:50,
2022-04-30 15:04:00,
2022-04-30 15:04:10,
2022-04-30 15:04:20,
2022-04-30 15:04:30,
2022-04-30 15:04:40,
2022-04-30 15:04:50,
2022-04-30 15:05:00,
2022-04-30 15:05:10,
2022-04-30 15:05:20,
2022-04-30 15:05:30,
2022-04-30 15:05:40,
2022-04-30 15:05:50,
2022-04-30 15:06:00,99.223767401742
2022-04-30 15:06:10,68.73726182819296
2022-04-30 15:06:20,67.43729121725033
2022-04-30 15:06:30,95.63725356111148
2022-04-30 15:06:40,58.37864140712529
2022-04-30 15:06:50,-0.3093511088055297
2022-04-30 15:07:00,70.05117127914492
2022-04-30 15:07:10,66.01308894237067
2022-04-30 15:07:20,-1.4555289436519012
2022-04-30 15:07:30,46.74551331950606
2022-04-30 15:07:40,60.04346429214027
2022-04-30 15:07:50,10.523514109899907
2022-04-30 15:08:00,41.06713851723446
2022-04-30 15:08:10,62.80407955771183
2022-04-30 15:08:20,70.08500905034707
2022-04-30 15:08:30,93.41064461156287
2022-04-30 15:08:40,64.47608876416069
2022-04-30 15:08:50,52.474370564632906
2022-04-30 15:09:00,49.9267999333391
2022-04-30 15:09:10,13.38780001676981
2022-04-30 15:09:20,0.25042283204493115
2022-04-30 15:09:30,39.20719533347488
2022-04-30 15:09:40,43.0153288066733
2022-04-30 15:09:50,20.282043686037888
2022-04-30 15:10:00,28.31649511460288
2022-04-30 15:10:10,88.29580411257517
2022-04-30 15:10:20,54.26436300945929
2022-04-30 15:10:30,54.521270896891586
2022-04-30 15:10:40,87.49573622357299
2022-04-30 15:10:50,108.10370772248869
2022-04-30 15:11:00,110.58401281068167
2022-04-30 15:11:10,45.18939778059005
2022-04-30 15:11:20,35.67362203940248
2022-04-30 15:11:30,48.54243480771252
2022-04-30 15:11:40,83.40003261559727
2022-04-30 15:11:50,49.43235034857721
2022-04-30 15:12:00,70.70212572578126
2022-04-30 15:12:10,39.52063368632682
2022-04-30 15:12:20,54.222417006365475
2022-04-30 15:12:30,63.288255851151405
2022-04-30 15:12:40,84.77171973529975
2022-04-30 15:12:50,33.948823020160155
2022-04-30 15:13:00,116.5993952224759
2022-04-30 15:13:10,61.02570987538256
2022-04-30 15:13:20,102.13624921567389
2022-04-30 15:13:30,70.6760266810204
2022-04-30 15:13:40,33.84591966697289
2022-04-30 15:13:50,28.32083156656809
2022-04-30 15:14:00,37.77753357169078
2022-04-30 15:14:10,60.64351627529426
2022-04-30 15:14:20,57.67502925354808
2022-04-30 15:14:30,97.5759350625408
2022-04-30 15:14:40,95.3529174892555
2022-04-30 15:14:50,130.23479749222506
2022-04-30 15:15:00,149.98386403540758
2022-04-30 15:15:10,138.42612440098134
2022-04-30 15:15:20,122.99950480035342
2022-04-30 15:15:30,132.24994659879746
2022-04-30 15:15:40,144.0027202657494
2022-04-30 15:15:50,140.45649570469942
2022-04-30 15:16:00,91.14401675272775
2022-04-30 15:16:10,127.60704639535247
2022-04-30 15:16:20,104.89794849024993
2022-04-30 15:16:30,191.67916840516048
2022-04-30 15:16:40,259.26900034920936
2022-04-30 15:16:50,316.6372705241579
2022-04-30 15:17:00,529.9309083695226
2022-04-30 15:17:10,888.6261695736445
2022-04-30 15:17:20,803.9650893140516
2022-04-30 15:17:30,740.825597997149
2022-04-30 15:17:40,649.8020936966188
2022-04-30 15:17:50,465.6135748417803
2022-04-30 15:18:00,256.26540338047977
2022-04-30 15:18:10,169.9579169990007
2022-04-30 15:18:20,176.8054524180012
2022-04-30 15:18:30,183.0251886953428
2022-04-30 15:18:40,261.1494462889779
2022-04-30 15:18:50,318.6550422377272
2022-04-30 15:19:00,359.6683909027966
2022-04-30 15:19:10,397.23630152126884
2022-04-30 15:19:20,406.3267403192234
2022-04-30 15:19:30,418.35836431651506
2022-04-30 15:19:40,420.1225588141078
2022-04-30 15:19:50,398.3802277450358
2022-04-30 15:20:00,406.0760480042098
2022-04-30 15:20:10,339.7209925954623
2022-04-30 15:20:20,347.17960956957256
2022-04-30 15:20:30,332.22730041032054
2022-04-30 15:20:40,370.6203257939927
2022-04-30 15:20:50,286.7052395349963
2022-04-30 15:21:00,426.2026622409373
2022-04-30 15:21:10,423.3080807394319
2022-04-30 15:21:20,642.8909739553224
2022-04-30 15:21:30,464.56900105945465
2022-04-30 15:21:40,347.9237266972902
2022-04-30 15:21:50,309.8191990654905
2022-04-30 15:22:00,360.2906173119507
2022-04-30 15:22:10,261.38778102524265
2022-04-30 15:22:20,277.74011310181055
2022-04-30 15:22:30,298.0947469358893
2022-04-30 15:22:40,261.0899034342722
2022-04-30 15:22:50,220.4880413067376
2022-04-30 15:23:00,273.6023932410371
2022-04-30 15:23:10,257.9865829528508
2022-04-30 15:23:20,248.45604300800045
2022-04-30 15:23:30,240.84221136432137
2022-04-30 15:23:40,305.8851708141311
2022-04-30 15:23:50,
2022-04-30 15:24:00,
2022-04-30 15:24:10,
2022-04-30 15:24:20,
2022-04-30 15:24:30,
2022-04-30 15:24:40,
2022-04-30 15:24:50,
2022-04-30 15:25:00,
2022-04-30 15:25:10,
2022-04-30 15:25:20,
2022-04-30 15:25:30,
2022-04-30 15:25:40,152.82792032834806
2022-04-30 15:25:50,122.32010936529072
2022-04-30 15:26:00,239.63473928923776
2022-04-30 15:26:10,323.6625613430135
2022-04-30 15:26:20,293.6818440634271
2022-04-30 15:26:30,295.06218583236733
2022-04-30 15:26:40,306.3505139717353
2022-04-30 15:26:50,299.7838500649121
2022-04-30 15:27:00,314.75759480129926
2022-04-30 15:27:10,263.22140246042176
2022-04-30 15:27:20,283.4587248378258
2022-04-30 15:27:30,255.5288606674186
2022-04-30 15:27:40,268.5398186571047
2022-04-30 15:27:50,259.91805102798935
2022-04-30 15:28:00,291.32552359404775
2022-04-30 15:28:10,297.54824195200456
2022-04-30 15:28:20,232.80568387871665
2022-04-30 15:28:30,240.69977268480318
2022-04-30 15:28:40,256.37292560976755
2022-04-30 15:28:50,234.42884016300613
2022-04-30 15:29:00,301.0443340207826
2022-04-30 15:29:10,225.80877903367127
2022-04-30 15:29:20,241.13783256373483
2022-04-30 15:29:30,308.27827986143177
2022-04-30 15:29:40,263.8165690458317
2022-04-30 15:29:50,270.998543320902
2022-04-30 15:30:00,281.062014122758
2022-04-30 15:30:10,266.343174943732
2022-04-30 15:30:20,247.242544118397
2022-04-30 15:30:30,272.56898080539827
2022-04-30 15:30:40,251.3149199427987
2022-04-30 15:30:50,305.34468029616755
2022-04-30 15:31:00,297.71046782089184
2022-04-30 15:31:10,281.3449090916518
2022-04-30 15:31:20,244.0449937895277
2022-04-30 15:31:30,214.25109876891958
2022-04-30 15:31:40,280.15268311846376
2022-04-30 15:31:50,264.9121835058381
2022-04-30 15:32:00,217.68675549097068
2022-04-30 15:32:10,261.5522827331553
2022-04-30 15:32:20,241.65678469160162
2022-04-30 15:32:30,257.32814404670785
2022-04-30 15:32:40,210.18785252140322
2022-04-30 15:32:50,259.64521155855005
2022-04-30 15:33:00,247.34216200170968
2022-04-30 15:33:10,238.65890645488932
2022-04-30 15:33:20,233.67356991198915
2022-04-30 15:33:30,266.95633176062444
2022-04-30 15:33:40,236.05256160668716
2022-04-30 15:33:50,309.7270837935515
2022-04-30 15:34:00,271.44253618363456
2022-04-30 15:34:10,264.50731383910335
2022-04-30 15:34:20,330.5161549163278
2022-04-30 15:34:30,217.00879441724442
2022-04-30 15:34:40,276.58614695113795
2022-04-30 15:34:50,291.906741631116
2022-04-30 15:35:00,258.1046185951745
2022-04-30 15:35:10,269.3545860595753
2022-04-30 15:35:20,312.39321012793016
2022-04-30 15:35:30,288.102073397009
2022-04-30 15:35:40,336.36975429271945
2022-04-30 15:35:50,
2022-04-30 15:36:00,
2022-04-30 15:36:10,
2022-04-30 15:36:20,
2022-04-30 15:36:30,
2022-04-30 15:36:40,
2022-04-30 15:36:50,
2022-04-30 15:37:00,
2022-04-30 15:37:10,
2022-04-30 15:37:20,
2022-04-30 15:37:30,
2022-04-30 15:37:40,
2022-04-30 15:37:50,
2022-04-30 15:38:00,
2022-04-30 15:38:10,
2022-04-30 15:38:20,
2022-04-30 15:38:30,319.0984919769684
2022-04-30 15:38:40,351.77645018083547
2022-04-30 15:38:50,357.4333172933555
2022-04-30 15:39:00,348.15889734720724
2022-04-30 15:39:10,375.1522089322105
2022-04-30 15:39:20,329.07896830788604
2022-04-30 15:39:30,336.03622357640126
2022-04-30 15:39:40,371.7052797356248
2022-04-30 15:39:50,339.1390161074659
2022-04-30 15:40:00,350.2215836673002
2022-04-30 15:40:10,389.1587630515926
2022-04-30 15:40:20,374.70993753500755
2022-04-30 15:40:30,411.14065496990975
2022-04-30 15:40:40,396.4859201159242
2022-04-30 15:40:50,388.97092479116947
2022-04-30 15:41:00,346.66442968733315
2022-04-30 15:41:10,364.13306834567686
2022-04-30 15:41:20,376.4122648683666
2022-04-30 15:41:30,348.01813323481787
2022-04-30 15:41:40,309.4420417836639
2022-04-30 15:41:50,341.0193559794827
2022-04-30 15:42:00,276.1942686432757
2022-04-30 15:42:10,248.4901596457581
2022-04-30 15:42:20,295.95568316973964
2022-04-30 15:42:30,252.99751432779547
2022-04-30 15:42:40,261.40052645774676
2022-04-30 15:42:50,281.66222592569187
2022-04-30 15:43:00,262.9723835787382
2022-04-30 15:43:10,269.51353342444514
2022-04-30 15:43:20,290.6307143655669
2022-04-30 15:43:30,287.04903833926033
2022-04-30 15:43:40,243.31535063940422
2022-04-30 15:43:50,306.9998303917903
2022-04-30 15:44:00,223.2098521957187
2022-04-30 15:44:10,256.4429012789137
2022-04-30 15:44:20,355.8831691471554
2022-04-30 15:44:30,347.0610300681437
2022-04-30 15:44:40,313.2294198702806
2022-04-30 15:44:50,357.8979739365937
2022-04-30 15:45:00,338.2548249587313
2022-04-30 15:45:10,317.1570381618639
2022-04-30 15:45:20,392.5140821441408
2022-04-30 15:45:30,387.3786109840932
2022-04-30 15:45:40,305.181516824604
2022-04-30 15:45:50,333.4228538286708
2022-04-30 15:46:00,251.28669727403135
2022-04-30 15:46:10,254.7879009364795
2022-04-30 15:46:20,246.3942098455179
2022-04-30 15:46:30,252.19196562450801
2022-04-30 15:46:40,188.16449202885374
2022-04-30 15:46:50,263.3517914626087
2022-04-30 15:47:00,653.017719445623
2022-04-30 15:47:10,250.75590983146643
2022-04-30 15:47:20,276.48602586193846
2022-04-30 15:47:30,310.54754340491473
2022-04-30 15:47:40,202.8932239223225
2022-04-30 15:47:50,257.1310415045528
2022-04-30 15:48:00,199.44149349363656
2022-04-30 15:48:10,190.0225668957709
2022-04-30 15:48:20,218.67930310410352
2022-04-30 15:48:30,226.42349740590328
2022-04-30 15:48:40,207.28692415431965
2022-04-30 15:48:50,224.22762506340575
2022-04-30 15:49:00,259.4256633277671
2022-04-30 15:49:10,188.9365288276965
2022-04-30 15:49:20,233.58976188076255
2022-04-30 15:49:30,212.5691000477132
2022-04-30 15:49:40,238.81250084548373
2022-04-30 15:49:50,198.62003114355454
2022-04-30 15:50:00,223.23666306622414
2022-04-30 15:50:10,225.907986408704
2022-04-30 15:50:20,181.79738401162354
2022-04-30 15:50:30,183.100478950581
2022-04-30 15:50:40,178.9841957464967
2022-04-30 15:50:50,216.04511408913532
2022-04-30 15:51:00,262.7705635675512
2022-04-30 15:51:10,216.5111721414618
2022-04-30 15:51:20,222.55708179365914
2022-04-30 15:51:30,184.72288794013198
2022-04-30 15:51:40,190.89421488213182
2022-04-30 15:51:50,239.0223566679484
2022-04-30 15:52:00,200.74265316226902
2022-04-30 15:52:10,273.5480262014803
2022-04-30 15:52:20,240.19073880215666
2022-04-30 15:52:30,257.171343087395
2022-04-30 15:52:40,302.31398301525854
2022-04-30 15:52:50,267.611209945796
2022-04-30 15:53:00,256.2151086280354
2022-04-30 15:53:10,291.6171205482969
2022-04-30 15:53:20,342.34890124134216
2022-04-30 15:53:30,359.50566516784033
2022-04-30 15:53:40,320.92680378390304
2022-04-30 15:53:50,365.15072390127125
2022-04-30 15:54:00,317.0290726796137
2022-04-30 15:54:10,335.55245683143823
2022-04-30 15:54:20,357.58317555119555
2022-04-30 15:54:30,304.2528233958077
2022-04-30 15:54:40,300.43134856233166
2022-04-30 15:54:50,332.46790594083757
2022-04-30 15:55:00,297.6343096391041
2022-04-30 15:55:10,394.49386838328684
2022-04-30 15:55:20,334.39777458565476
2022-04-30 15:55:30,338.55846627553206
2022-04-30 15:55:40,409.4014278319298
2022-04-30 15:55:50,353.40507534496203
2022-04-30 15:56:00,380.0624785830539
2022-04-30 15:56:10,347.10674732091735
2022-04-30 15:56:20,476.7861591385458
2022-04-30 15:56:30,412.783818559599
2022-04-30 15:56:40,489.50176094104614
2022-04-30 15:56:50,525.3082596772406
2022-04-30 15:57:00,528.5631422332401
2022-04-30 15:57:10,529.0690238771979
2022-04-30 15:57:20,536.9487508824031
2022-04-30 15:57:30,547.7342865536888
2022-04-30 15:57:40,472.57513262643545
2022-04-30 15:57:50,488.49349172030156
2022-04-30 15:58:00,471.46001486668473
2022-04-30 15:58:10,489.2014320817323
2022-04-30 15:58:20,461.3299539282515
2022-04-30 15:58:30,503.1521656097528
2022-04-30 15:58:40,553.4954527570966
2022-04-30 15:58:50,448.3402030083309
2022-04-30 15:59:00,453.13146856964204
2022-04-30 15:59:10,457.2239275366039
2022-04-30 15:59:20,433.29930770440586
2022-04-30 15:59:30,443.9757627959327
2022-04-30 15:59:40,511.740071969153
2022-04-30 15:59:50,435.0522795110591
2022-04-30 16:00:00,473.1736901175321
2022-04-30 16:00:10,442.2931238404185
2022-04-30 16:00:20,441.7025669377979
2022-04-30 16:00:30,413.2810372525618
2022-04-30 16:00:40,396.5826336332404
2022-04-30 16:00:50,413.5950252030653
2022-04-30 16:01:00,411.06139918420536
2022-04-30 16:01:10,448.44954755788007
2022-04-30 16:01:20,335.01665330100144
2022-04-30 16:01:30,347.3033246023099
2022-04-30 16:01:40,388.12598486116354
2022-04-30 16:01:50,419.791272398319
2022-04-30 16:02:00,394.26729992963874
2022-04-30 16:02:10,321.006906635674
2022-04-30 16:02:20,412.7808605736042
2022-04-30 16:02:30,407.27062888211844
2022-04-30 16:02:40,385.78266178443175
2022-04-30 16:02:50,379.57867684270053
2022-04-30 16:03:00,427.330387549004
2022-04-30 16:03:10,387.8856372915381
2022-04-30 16:03:20,353.15064286874394
2022-04-30 16:03:30,438.2431535123336
2022-04-30 16:03:40,415.5906788474539
2022-04-30 16:03:50,400.1896830391018
2022-04-30 16:04:00,394.3690417302252
2022-04-30 16:04:10,350.69998836721356
2022-04-30 16:04:20,411.96382426943893
2022-04-30 16:04:30,395.0664950755898
2022-04-30 16:04:40,349.07278918536963
2022-04-30 16:04:50,358.9144603454581
2022-04-30 16:05:00,329.8287686448877
2022-04-30 16:05:10,263.6839049061444
2022-04-30 16:05:20,306.4436181296515
2022-04-30 16:05:30,345.4442363609035
2022-04-30 16:05:40,310.8527709354375
2022-04-30 16:05:50,341.5053686043747
2022-04-30 16:06:00,327.63164110442204
2022-04-30 16:06:10,292.58139531584465
2022-04-30 16:06:20,328.34104161814
2022-04-30 16:06:30,303.05779022759873
2022-04-30 16:06:40,263.8073877687848
2022-04-30 16:06:50,317.21225165095245
2022-04-30 16:07:00,344.6928864583386
2022-04-30 16:07:10,367.2054719509971
2022-04-30 16:07:20,
2022-04-30 16:07:30,
2022-04-30 16:07:40,
2022-04-30 16:07:50,
2022-04-30 16:08:00,
2022-04-30 16:08:10,
2022-04-30 16:08:20,
2022-04-30 16:08:30,
2022-04-30 16:08:40,
2022-04-30 16:08:50,
2022-04-30 16:09:00,
2022-04-30 16:09:10,
2022-04-30 16:09:20,
2022-04-30 16:09:30,
2022-04-30 16:09:40,
2022-04-30 16:09:50,355.00261406722086
2022-04-30 16:10:00,304.3127560967383
2022-04-30 16:10:10,
2022-04-30 16:10:20,
2022-04-30 16:10:30,
2022-04-30 16:10:40,
2022-04-30 16:10:50,228.9722922729382
2022-04-30 16:11:00,249.41547775052177
2022-04-30 16:11:10,221.90381972394007
2022-04-30 16:11:20,270.8008621824699
2022-04-30 16:11:30,260.22373186729516
2022-04-30 16:11:40,272.29956517150845
2022-04-30 16:11:50,321.94666412097536
2022-04-30 16:12:00,343.3993083696348
2022-04-30 16:12:10,597.6495048076595
2022-04-30 16:12:20,644.3124816695291
2022-04-30 16:12:30,995.0989018414558
2022-04-30 16:12:40,1045.6771619023
2022-04-30 16:12:50,455.05250638841096
2022-04-30 16:13:00,277.03395774475774
2022-04-30 16:13:10,210.41510978314062
2022-04-30 16:13:20,201.08239916318595
2022-04-30 16:13:30,176.59633291516045
2022-04-30 16:13:40,122.72200088183094
2022-04-30 16:13:50,136.98288375696617
2022-04-30 16:14:00,66.67759568271156
2022-04-30 16:14:10,93.59059440127157
2022-04-30 16:14:20,96.46468424492782
2022-04-30 16:14:30,112.76545213512449
2022-04-30 16:14:40,94.71634963168859
2022-04-30 16:14:50,40.933209612423305
2022-04-30 16:15:00,101.88160804507196
2022-04-30 16:15:10,111.9449595347648
2022-04-30 16:15:20,54.85951534874229
2022-04-30 16:15:30,110.2809030000486
2022-04-30 16:15:40,68.00187606851044
2022-04-30 16:15:50,82.73132435932587
2022-04-30 16:16:00,98.45733443062689
2022-04-30 16:16:10,55.62239660591058
2022-04-30 16:16:20,50.25267557393693
2022-04-30 16:16:30,86.99290691635957
2022-04-30 16:16:40,29.326628936822896
2022-04-30 16:16:50,92.84731469906825
2022-04-30 16:17:00,64.0622880562322
2022-04-30 16:17:10,59.09680388071453
2022-04-30 16:17:20,107.08284705052074
2022-04-30 16:17:30,88.24263003886733
2022-04-30 16:17:40,76.38259299952158
2022-04-30 16:17:50,80.66313884743104
2022-04-30 16:18:00,76.76339927385264
2022-04-30 16:18:10,109.441109705525
2022-04-30 16:18:20,71.05002553067979
2022-04-30 16:18:30,105.71302959023043
2022-04-30 16:18:40,163.91961793596073
2022-04-30 16:18:50,104.59300257137265
2022-04-30 16:19:00,94.71206239375198
2022-04-30 16:19:10,164.21039178273946
2022-04-30 16:19:20,158.44791175958898
2022-04-30 16:19:30,133.79818026261862
2022-04-30 16:19:40,253.3441133411165
2022-04-30 16:19:50,250.42428776399032
2022-04-30 16:20:00,263.7768279605193
2022-04-30 16:20:10,253.86675144502092
2022-04-30 16:20:20,213.2518773614868
2022-04-30 16:20:30,184.73122337892187
2022-04-30 16:20:40,184.71735169857752
2022-04-30 16:20:50,209.68041466520472
2022-04-30 16:21:00,204.1081476289097
2022-04-30 16:21:10,
2022-04-30 16:21:20,
2022-04-30 16:21:30,
2022-04-30 16:21:40,
2022-04-30 16:21:50,
2022-04-30 16:22:00,
2022-04-30 16:22:10,
2022-04-30 16:22:20,
2022-04-30 16:22:30,
2022-04-30 16:22:40,
2022-04-30 16:22:50,
2022-04-30 16:23:00,
2022-04-30 16:23:10,
2022-04-30 16:23:20,
2022-04-30 16:23:30,
2022-04-30 16:23:40,
2022-04-30 16:23:50,190.29006532010945
2022-04-30 16:24:00,231.56146571085523
2022-04-30 16:24:10,
2022-04-30 16:24:20,
2022-04-30 16:24:30,
2022-04-30 16:24:40,
2022-04-30 16:24:50,
2022-04-30 16:25:00,258.8926424114954
2022-04-30 16:25:10,189.54349839700538
2022-04-30 16:25:20,121.07106872149475
2022-04-30 16:25:30,243.91933232634815
2022-04-30 16:25:40,211.12681593044053
2022-04-30 16:25:50,193.63821981833135
2022-04-30 16:26:00,179.53874411172325
2022-04-30 16:26:10,225.18376293585675
2022-04-30 16:26:20,292.66916831931087
2022-04-30 16:26:30,221.100986421072
2022-04-30 16:26:40,292.61504899648736
2022-04-30 16:26:50,257.23490096388423
2022-04-30 16:27:00,244.11239637830553
2022-04-30 16:27:10,246.80631453508275
2022-04-30 16:27:20,202.21408497797322
2022-04-30 16:27:30,203.4874076168817
2022-04-30 16:27:40,258.9046740264558
2022-04-30 16:27:50,273.8761090460528
2022-04-30 16:28:00,268.9109482308721
2022-04-30 16:28:10,234.6948269120581
2022-04-30 16:28:20,194.0387092826598
2022-04-30 16:28:30,181.3913414995724
2022-04-30 16:28:40,166.20650287325472
2022-04-30 16:28:50,236.42358488081848
2022-04-30 16:29:00,225.93368226256632
2022-04-30 16:29:10,218.51054530084812
2022-04-30 16:29:20,247.1978519149505
2022-04-30 16:29:30,184.4062510422533
2022-04-30 16:29:40,199.02842912117146
2022-04-30 16:29:50,151.42317268749358
2022-04-30 16:30:00,166.2541721588693
2022-04-30 16:30:10,177.62665804778513
2022-04-30 16:30:20,153.38439188745045
2022-04-30 16:30:30,
2022-04-30 16:30:40,
2022-04-30 16:30:50,
2022-04-30 16:31:00,
2022-04-30 16:31:10,
2022-04-30 16:31:20,
2022-04-30 16:31:30,
2022-04-30 16:31:40,
2022-04-30 16:31:50,
2022-04-30 16:32:00,
2022-04-30 16:32:10,
2022-04-30 16:32:20,
2022-04-30 16:32:30,
2022-04-30 16:32:40,
2022-04-30 16:32:50,
2022-04-30 16:33:00,
2022-04-30 16:33:10,
2022-04-30 16:33:20,441.9031262529869
2022-04-30 16:33:30,444.5389038511293
2022-04-30 16:33:40,375.75756373723414
2022-04-30 16:33:50,339.8639889036314
2022-04-30 16:34:00,341.0672982307424
2022-04-30 16:34:10,380.89073388860413
2022-04-30 16:34:20,276.70879644642696
2022-04-30 16:34:30,193.6412899341053
2022-04-30 16:34:40,235.67357568846413
2022-04-30 16:34:50,232.63161560806705
2022-04-30 16:35:00,272.6222552177907
2022-04-30 16:35:10,356.75497377707325
2022-04-30 16:35:20,375.3505633811732
2022-04-30 16:35:30,419.94485315356803
2022-04-30 16:35:40,336.26250979402147
2022-04-30 16:35:50,418.53667490110564
2022-04-30 16:36:00,407.0302133563635
2022-04-30 16:36:10,260.21087130700977
2022-04-30 16:36:20,329.4302415007561
2022-04-30 16:36:30,265.44190747552597
2022-04-30 16:36:40,69.2491581917961
2022-04-30 16:36:50,74.42702715040315
2022-04-30 16:37:00,229.18329542694192
2022-04-30 16:37:10,314.8369366051968
2022-04-30 16:37:20,368.84882173129
2022-04-30 16:37:30,292.674284932405
2022-04-30 16:37:40,29.259701935239747
2022-04-30 16:37:50,30.760969899286547
2022-04-30 16:38:00,43.10302488822318
2022-04-30 16:38:10,64.43567354423573
2022-04-30 16:38:20,57.38047654359538
2022-04-30 16:38:30,40.47816044416405
2022-04-30 16:38:40,151.69388019946558
2022-04-30 16:38:50,57.9883288352495
2022-04-30 16:39:00,103.51223453637549
2022-04-30 16:39:10,345.8940110203615
2022-04-30 16:39:20,405.82767829067524
2022-04-30 16:39:30,368.39997610623254
2022-04-30 16:39:40,393.4634358699856
2022-04-30 16:39:50,427.1870672643464
2022-04-30 16:40:00,333.05172561419823
2022-04-30 16:40:10,366.0515176815618
2022-04-30 16:40:20,286.229469208616
2022-04-30 16:40:30,330.5020054374181
2022-04-30 16:40:40,334.13701728821087
2022-04-30 16:40:50,422.5963044538499
2022-04-30 16:41:00,403.91920573102936
2022-04-30 16:41:10,365.39434885905547
2022-04-30 16:41:20,
2022-04-30 16:41:30,
2022-04-30 16:41:40,
2022-04-30 16:41:50,
2022-04-30 16:42:00,
2022-04-30 16:42:10,
2022-04-30 16:42:20,
2022-04-30 16:42:30,
2022-04-30 16:42:40,
2022-04-30 16:42:50,
2022-04-30 16:43:00,
2022-04-30 16:43:10,
2022-04-30 16:43:20,
2022-04-30 16:43:30,
2022-04-30 16:43:40,
2022-04-30 16:43:50,
2022-04-30 16:44:00,
2022-04-30 16:44:10,
2022-04-30 16:44:20,117.42164379307134
2022-04-30 16:44:30,133.81280556358826
2022-04-30 16:44:40,98.40285185726617
2022-04-30 16:44:50,83.71702436934062
2022-04-30 16:45:00,117.64467237824155
2022-04-30 16:45:10,70.67112042615078
2022-04-30 16:45:20,76.97994683735759
2022-04-30 16:45:30,99.3866227090143
2022-04-30 16:45:40,87.90222950883411
2022-04-30 16:45:50,101.57236570214177
2022-04-30 16:46:00,76.53892949569881
2022-04-30 16:46:10,87.02717029754257
2022-04-30 16:46:20,126.27510193012513
2022-04-30 16:46:30,95.65406426295945
2022-04-30 16:46:40,160.230389691691
2022-04-30 16:46:50,82.53092125250647
2022-04-30 16:47:00,155.47190751039648
2022-04-30 16:47:10,126.91408154836243
2022-04-30 16:47:20,117.92120535026037
2022-04-30 16:47:30,110.69660707588426
2022-04-30 16:47:40,104.2996722688993
2022-04-30 16:47:50,106.88403913469132
2022-04-30 16:48:00,100.86932958303493
2022-04-30 16:48:10,110.9402499444457
2022-04-30 16:48:20,111.21445478164041
2022-04-30 16:48:30,147.47589181085172
2022-04-30 16:48:40,136.42401268064438
2022-04-30 16:48:50,106.92671650137781
2022-04-30 16:49:00,72.10649275759616
2022-04-30 16:49:10,150.69283695241558
2022-04-30 16:49:20,95.1107923124643
2022-04-30 16:49:30,130.16077437237414
2022-04-30 16:49:40,102.24946914601404
2022-04-30 16:49:50,147.28725339298038
2022-04-30 16:50:00,152.58196768362012
2022-04-30 16:50:10,103.38759858743397
2022-04-30 16:50:20,131.6213375304098
2022-04-30 16:50:30,99.3162076863041
2022-04-30 16:50:40,90.23166738337952
2022-04-30 16:50:50,97.57966228408793
2022-04-30 16:51:00,115.30691909654925
2022-04-30 16:51:10,126.16458886988056
2022-04-30 16:51:20,96.30187961613079
2022-04-30 16:51:30,165.5795585676968
2022-04-30 16:51:40,153.0134632810249
2022-04-30 16:51:50,183.65248733006914
2022-04-30 16:52:00,174.18259734554965
2022-04-30 16:52:10,175.92393891295663
2022-04-30 16:52:20,230.71234716330363
2022-04-30 16:52:30,186.48132061932213
2022-04-30 16:52:40,162.3946481860994
2022-04-30 16:52:50,204.374536790884
2022-04-30 16:53:00,183.12679619151578
2022-04-30 16:53:10,195.78924839299825
2022-04-30 16:53:20,167.48112920231037
2022-04-30 16:53:30,170.42160826796396
2022-04-30 16:53:40,177.78317917762482
2022-04-30 16:53:50,228.21621970726846
2022-04-30 16:54:00,143.25687153066673
2022-04-30 16:54:10,158.10572354794084
2022-04-30 16:54:20,185.07154536916394
2022-04-30 16:54:30,154.88964034202183
2022-04-30 16:54:40,149.4069422819283
2022-04-30 16:54:50,165.74798771081115
2022-04-30 16:55:00,155.91342428568225
